City_ID,City,Country,Date,Lat,Lng,Max Temp,Humidity,Cloudiness,Wind Speed
0,Sao Filipe,CV,2022-05-21 18:36:19,14.8961,-24.4956,72.9,79,52,13.22
1,Bundaberg,AU,2022-05-21 18:32:15,-24.85,152.35,64.22,98,100,3.0
2,Puerto Ayora,EC,2022-05-21 18:27:28,-0.7393,-90.3518,76.96,91,71,10.0
3,Cape Town,ZA,2022-05-21 18:27:11,-33.9258,18.4232,59.11,79,0,2.3
4,Ushuaia,AR,2022-05-21 18:27:14,-54.8,-68.3,42.46,65,40,11.5
5,Ussel,FR,2022-05-21 18:36:20,45.55,2.3167,71.15,70,77,0.43
6,Rikitea,PF,2022-05-21 18:27:16,-23.1203,-134.9692,75.18,74,8,6.91
7,Yuzhno-Kurilsk,RU,2022-05-21 18:36:21,44.0306,145.8556,48.54,99,100,8.59
8,Sena Madureira,BR,2022-05-21 18:36:22,-9.0656,-68.6569,89.2,43,37,2.59
9,Camacha,PT,2022-05-21 18:34:35,33.0833,-16.3333,65.62,68,20,16.11
10,Hermanus,ZA,2022-05-21 18:29:51,-34.4187,19.2345,58.57,74,36,5.01
11,Itarema,BR,2022-05-21 18:30:08,-2.9248,-39.9167,81.79,77,3,9.69
12,Avarua,CK,2022-05-21 18:28:32,-21.2078,-159.775,73.45,88,40,1.14
13,Sept-Iles,CA,2022-05-21 18:36:03,50.2001,-66.3821,47.05,90,100,9.22
14,Georgetown,MY,2022-05-21 18:26:59,5.4112,100.3354,81.95,89,20,2.3
15,Petropavlovsk-Kamchatskiy,RU,2022-05-21 18:32:09,53.0452,158.6483,37.99,100,100,2.24
16,Yima,CN,2022-05-21 18:36:23,34.7381,111.8839,66.13,48,100,0.31
17,Rocha,UY,2022-05-21 18:36:24,-34.4833,-54.3333,62.73,61,100,7.11
18,Cairns,AU,2022-05-21 18:36:24,-16.9167,145.7667,75.15,82,100,11.5
19,Quang Ngai,VN,2022-05-21 18:35:54,15.1167,108.8,77.16,92,100,2.77
20,Hilo,US,2022-05-21 18:24:33,19.7297,-155.09,76.62,82,100,4.61
21,Opuwo,NA,2022-05-21 18:36:25,-18.0607,13.84,59.09,13,0,6.6
22,Albany,US,2022-05-21 18:28:45,42.6001,-73.9662,91.17,58,43,5.64
23,Victoria,HK,2022-05-21 18:33:26,22.2855,114.1577,78.85,88,100,15.01
24,Cayenne,GF,2022-05-21 18:36:26,4.9333,-52.3333,81.09,1,75,12.66
25,Hobart,AU,2022-05-21 18:28:37,-42.8794,147.3294,44.46,89,100,9.22
26,Khatanga,RU,2022-05-21 18:24:15,71.9667,102.5,35.47,98,100,6.17
27,Castro,BR,2022-05-21 18:28:45,-24.7911,-50.0119,64.8,37,29,2.89
28,Haverfordwest,GB,2022-05-21 18:36:27,51.8017,-4.9691,59.05,79,10,5.01
29,Ewa Beach,US,2022-05-21 18:32:45,21.3156,-158.0072,80.55,80,75,3.44
30,Punta Arenas,CL,2022-05-21 18:26:43,-53.15,-70.9167,42.91,65,0,17.27
31,Airai,TL,2022-05-21 18:36:28,-8.9266,125.4092,57.47,90,23,3.62
32,Tasiilaq,GL,2022-05-21 18:31:18,65.6145,-37.6368,37.56,72,100,4.43
33,Berezovka,BY,2022-05-21 18:36:29,53.7214,25.4993,48.24,93,100,19.33
34,Terney,RU,2022-05-21 18:36:29,45.0503,136.6092,49.89,98,100,1.41
35,Flinders,AU,2022-05-21 18:30:05,-34.5833,150.8552,56.17,93,100,4.0
36,Mataura,NZ,2022-05-21 18:27:27,-46.1927,168.8643,46.31,96,100,11.12
37,Aldan,RU,2022-05-21 18:36:30,58.6031,125.3894,32.47,91,29,6.24
38,Kaputa,ZM,2022-05-21 18:36:30,-8.4689,29.6619,70.66,67,100,3.71
39,Klaksvik,FO,2022-05-21 18:27:20,62.2266,-6.589,49.12,87,98,15.1
40,Sudak,UA,2022-05-21 18:36:31,44.85,34.9667,56.57,75,75,11.05
41,Carnarvon,AU,2022-05-21 18:30:04,-24.8667,113.6333,71.28,63,100,5.44
42,Kwinana,AU,2022-05-21 18:38:19,-32.25,115.7667,55.69,72,0,8.1
43,Kapaa,US,2022-05-21 18:31:21,22.0752,-159.319,78.78,97,75,5.75
44,Lichuan,CN,2022-05-21 18:38:19,30.3,108.85,57.43,85,100,1.74
45,Asau,RO,2022-05-21 18:31:24,46.4333,26.4,72.52,79,8,5.75
46,Codrington,AU,2022-05-21 18:38:20,-38.2667,141.9667,43.57,93,6,7.29
47,Pisco,PE,2022-05-21 18:34:44,-13.7,-76.2167,68.02,77,77,12.66
48,Jacareacanga,BR,2022-05-21 18:38:20,-6.2222,-57.7528,89.31,43,20,3.13
49,Lasa,IT,2022-05-21 18:38:21,46.6166,10.7002,70.68,61,75,6.13
50,San Cristobal,VE,2022-05-21 18:38:21,7.7669,-72.225,78.98,45,100,9.22
51,Punta Arenas,CL,2022-05-21 18:26:43,-53.15,-70.9167,42.91,65,0,17.27
52,Termini Imerese,IT,2022-05-21 18:38:22,37.9837,13.6956,67.48,66,0,2.91
53,Ushuaia,AR,2022-05-21 18:37:50,-54.8,-68.3,42.46,65,40,11.5
54,Hithadhoo,MV,2022-05-21 18:35:28,-0.6,73.0833,83.05,70,12,8.21
55,Nanortalik,GL,2022-05-21 18:38:23,60.1432,-45.2371,39.7,77,89,5.39
56,Lakeside,US,2022-05-21 18:38:23,30.13,-81.7682,89.92,64,100,13.8
57,Coihaique,CL,2022-05-21 18:38:23,-45.5752,-72.0662,40.95,87,100,8.05
58,Aklavik,CA,2022-05-21 18:38:24,68.2191,-135.0107,33.8,86,100,8.05
59,Vaini,TO,2022-05-21 18:38:24,-21.2,-175.2,69.96,94,75,4.61
60,Lorengau,PG,2022-05-21 18:38:25,-2.0226,147.2712,82.0,78,100,7.27
61,Saint-Philippe,RE,2022-05-21 18:28:47,-21.3585,55.7679,71.19,79,52,12.21
62,Nikolskoye,RU,2022-05-21 18:38:25,59.7035,30.7861,49.89,56,5,9.84
63,Bluff,NZ,2022-05-21 18:38:26,-46.6,168.3333,50.34,80,100,29.48
64,Moranbah,AU,2022-05-21 18:38:26,-22.0016,148.0466,60.76,91,100,17.83
65,Albany,US,2022-05-21 18:28:45,42.6001,-73.9662,91.17,58,43,5.64
66,Belyy Yar,RU,2022-05-21 18:38:27,53.6039,91.3903,53.49,62,0,2.24
67,Inyonga,TZ,2022-05-21 18:38:27,-6.7167,32.0667,68.11,65,100,3.09
68,Karratha,AU,2022-05-21 18:38:28,-20.7377,116.8463,76.75,76,98,5.03
69,Port Macquarie,AU,2022-05-21 18:38:29,-31.4333,152.9167,58.89,94,100,4.61
70,Pacifica,US,2022-05-21 18:38:29,37.6138,-122.4869,82.4,67,20,12.66
71,Puerto Escondido,MX,2022-05-21 18:38:29,15.85,-97.0667,86.83,70,0,9.22
72,Avarua,CK,2022-05-21 18:28:32,-21.2078,-159.775,73.45,88,40,1.14
73,Puerto Ayora,EC,2022-05-21 18:38:30,-0.7393,-90.3518,76.96,91,63,8.01
74,Berbera,SO,2022-05-21 18:38:30,10.4396,45.0143,93.69,36,11,4.27
75,Jamestown,US,2022-05-21 18:29:44,42.097,-79.2353,86.52,65,40,9.22
76,Kavieng,PG,2022-05-21 18:38:31,-2.5744,150.7967,81.99,71,100,10.96
77,Nagato,JP,2022-05-21 18:38:32,34.3833,131.2,57.2,80,0,5.79
78,Carnarvon,AU,2022-05-21 18:30:04,-24.8667,113.6333,71.28,63,100,5.44
79,Balabac,PH,2022-05-21 18:38:32,7.9868,117.0645,82.13,78,100,8.19
80,Xiongzhou,CN,2022-05-21 18:38:33,25.1167,114.3,67.19,92,100,2.17
81,Rio Gallegos,AR,2022-05-21 18:38:33,-51.6226,-69.2181,45.61,46,24,12.66
82,Dikson,RU,2022-05-21 18:31:25,73.5069,80.5464,27.41,95,100,8.5
83,Ancud,CL,2022-05-21 18:31:26,-41.8697,-73.8203,54.19,91,100,26.53
84,Hilo,US,2022-05-21 18:24:33,19.7297,-155.09,76.62,82,100,4.61
85,Bathsheba,BB,2022-05-21 18:38:34,13.2167,-59.5167,86.61,66,20,19.57
86,Geraldton,AU,2022-05-21 18:38:34,-28.7667,114.6,55.81,94,60,9.22
87,Port Hedland,AU,2022-05-21 18:31:28,-20.3167,118.5667,73.45,100,100,0.0
88,Yar-Sale,RU,2022-05-21 18:35:26,66.8333,70.8333,31.1,80,100,13.78
89,Port Elizabeth,ZA,2022-05-21 18:35:21,-33.918,25.5701,60.31,86,0,4.61
90,Port Alfred,ZA,2022-05-21 18:35:23,-33.5906,26.891,55.18,93,11,3.49
91,Rikitea,PF,2022-05-21 18:36:00,-23.1203,-134.9692,75.24,74,12,6.6
92,Atuona,PF,2022-05-21 18:35:00,-9.8,-139.0333,77.67,76,14,11.03
93,Bredasdorp,ZA,2022-05-21 18:39:36,-34.5322,20.0403,53.47,82,11,5.7
94,Longyearbyen,SJ,2022-05-21 18:39:36,78.2186,15.6401,37.24,70,75,5.75
95,Dingle,PH,2022-05-21 18:39:37,10.9995,122.6711,76.33,91,86,2.75
96,Souillac,MU,2022-05-21 18:31:19,-20.5167,57.5167,75.58,73,40,11.5
97,Broken Hill,AU,2022-05-21 18:39:37,-31.95,141.4333,54.41,89,98,11.39
98,Dehloran,IR,2022-05-21 18:39:38,32.6941,47.2679,84.04,8,35,7.49
99,Numaran,MX,2022-05-21 18:39:38,20.25,-101.9333,92.57,13,0,5.41
100,Hinova,RO,2022-05-21 18:39:39,44.5406,22.7769,71.44,62,99,11.1
101,Busselton,AU,2022-05-21 18:39:39,-33.65,115.3333,59.85,75,0,9.08
102,Ribeira Grande,PT,2022-05-21 18:39:40,38.5167,-28.7,64.8,100,100,5.75
103,Cabo San Lucas,MX,2022-05-21 18:27:04,22.8909,-109.9124,84.61,53,0,11.5
104,Santa Barbara,US,2022-05-21 18:39:40,34.7333,-120.0343,73.35,50,0,9.22
105,Mataura,NZ,2022-05-21 18:39:41,-46.1927,168.8643,46.22,95,100,11.43
106,Tambura,SS,2022-05-21 18:39:41,5.6,27.4667,69.64,97,100,4.83
107,Gloversville,US,2022-05-21 18:39:42,43.0528,-74.3438,89.98,66,0,6.91
108,Torbay,CA,2022-05-21 18:29:55,47.6666,-52.7314,63.37,34,20,6.91
109,Thompson,CA,2022-05-21 18:39:42,55.7435,-97.8558,46.56,25,20,11.5
110,Presque Isle,US,2022-05-21 18:38:19,46.6811,-68.0159,65.03,76,100,10.36
111,Bambous Virieux,MU,2022-05-21 18:35:22,-20.3428,57.7575,75.45,73,40,11.5
112,Port-Gentil,GA,2022-05-21 18:39:43,-0.7193,8.7815,78.94,82,100,13.35
113,Lazaro Cardenas,MX,2022-05-21 18:35:25,17.9583,-102.2,83.1,63,15,9.31
114,Kaitangata,NZ,2022-05-21 18:39:44,-46.2817,169.8464,47.97,92,100,15.39
115,Castro,BR,2022-05-21 18:39:44,-24.7911,-50.0119,63.66,47,8,3.91
116,Omboue,GA,2022-05-21 18:39:45,-1.5746,9.2618,76.37,89,100,9.33
117,Provideniya,RU,2022-05-21 18:39:45,64.3833,-173.3,49.8,51,96,12.21
118,Mar Del Plata,AR,2022-05-21 18:39:45,-38.0023,-57.5575,68.02,65,0,4.61
119,Chokurdakh,RU,2022-05-21 18:39:46,70.6333,147.9167,33.24,100,100,3.71
120,Kodiak,US,2022-05-21 18:31:14,57.79,-152.4072,45.91,81,100,25.32
121,Divnogorsk,RU,2022-05-21 18:39:47,55.9594,92.3619,59.49,57,57,2.01
122,Tautira,PF,2022-05-21 18:37:48,-17.7333,-149.15,79.12,74,17,11.5
123,Paraiso,CR,2022-05-21 18:39:47,9.8383,-83.8656,76.06,86,100,2.26
124,Chuy,UY,2022-05-21 18:30:06,-33.6971,-53.4616,61.9,59,100,7.36
125,Salcininkai,LT,2022-05-21 18:39:48,54.3,25.3833,54.84,97,100,12.86
126,Yellowknife,CA,2022-05-21 18:39:48,62.456,-114.3525,55.92,41,75,5.75
127,Laguna,US,2022-05-21 18:39:49,38.421,-121.4238,82.69,22,0,5.75
128,Umm Kaddadah,SD,2022-05-21 18:39:49,13.6017,26.6876,87.3,11,100,10.65
129,Muscatine,US,2022-05-21 18:39:50,41.4667,-91.1335,58.21,59,100,3.44
130,Nhulunbuy,AU,2022-05-21 18:39:50,-12.2333,136.7667,79.41,73,41,8.05
131,Opuwo,NA,2022-05-21 18:36:25,-18.0607,13.84,59.09,13,0,6.6
132,Cap Malheureux,MU,2022-05-21 18:39:51,-19.9842,57.6142,73.47,76,0,3.0
133,Bedele,ET,2022-05-21 18:39:51,8.456,36.353,56.82,96,100,4.74
134,Barrow,US,2022-05-21 18:35:10,71.2906,-156.7887,23.02,86,100,11.5
135,Ardakan,IR,2022-05-21 18:40:52,32.31,54.0175,79.45,15,20,19.19
136,Kenai,US,2022-05-21 18:40:52,60.5544,-151.2583,63.03,27,0,8.05
137,Muzaffargarh,PK,2022-05-21 18:36:08,30.0754,71.1921,93.22,12,0,4.12
138,Qaanaaq,GL,2022-05-21 18:40:53,77.484,-69.3632,19.87,80,100,2.89
139,Saskylakh,RU,2022-05-21 18:37:43,71.9167,114.0833,26.83,99,97,6.58
140,Kiruna,SE,2022-05-21 18:40:53,67.8557,20.2251,50.92,66,100,3.44
141,Cape Town,ZA,2022-05-21 18:37:13,-33.9258,18.4232,58.12,79,0,2.3
142,Namatanai,PG,2022-05-21 18:35:24,-3.6667,152.4333,79.18,77,64,7.16
143,Nouakchott,MR,2022-05-21 18:39:27,18.0858,-15.9785,73.33,80,3,16.4
144,Coquimbo,CL,2022-05-21 18:40:32,-29.9533,-71.3436,58.73,88,20,11.5
145,Pangnirtung,CA,2022-05-21 18:40:55,66.1451,-65.7125,32.0,86,75,8.05
146,Bethel,US,2022-05-21 18:40:55,41.3712,-73.414,92.35,61,0,1.99
147,Tupik,RU,2022-05-21 18:40:55,54.4253,119.9327,43.32,96,100,4.76
148,Springbok,ZA,2022-05-21 18:40:56,-29.6643,17.8865,46.78,62,4,5.37
149,Gevrai,IN,2022-05-21 18:40:56,19.2667,75.75,82.63,51,0,20.94
150,Manica,FR,2022-05-21 18:40:57,49.0,-1.1667,57.33,81,17,5.14
151,Kahului,US,2022-05-21 18:31:22,20.8947,-156.47,80.62,72,0,8.99
152,Sao Filipe,CV,2022-05-21 18:36:19,14.8961,-24.4956,72.9,79,52,13.22
153,Cidreira,BR,2022-05-21 18:40:57,-30.1811,-50.2056,64.54,59,9,4.5
154,Sitka,US,2022-05-21 18:38:18,57.0531,-135.33,57.09,54,0,0.0
155,Khatanga,RU,2022-05-21 18:40:58,71.9667,102.5,35.4,98,100,6.13
156,Okhotsk,RU,2022-05-21 18:40:59,59.3833,143.3,34.14,99,100,5.5
157,Katsuura,JP,2022-05-21 18:40:59,35.1333,140.3,60.98,94,100,15.79
158,Trairi,BR,2022-05-21 18:39:44,-3.2778,-39.2689,81.52,79,8,8.16
159,Ozerne,UA,2022-05-21 18:41:00,50.1782,28.7338,56.71,75,0,16.24
160,Hobart,AU,2022-05-21 18:41:00,-42.8794,147.3294,44.46,89,100,9.22
161,Lompoc,US,2022-05-21 18:31:17,34.6391,-120.4579,76.69,54,0,10.36
162,Tuatapere,NZ,2022-05-21 18:41:01,-46.1333,167.6833,47.66,88,98,15.55
163,Marawi,PH,2022-05-21 18:41:01,7.9986,124.2928,69.73,92,87,2.35
164,Ferme-Neuve,CA,2022-05-21 18:41:01,46.7001,-75.4493,63.7,90,100,4.27
165,Labrea,BR,2022-05-21 18:41:02,-7.2586,-64.7981,90.18,44,28,1.36
166,Atambua,ID,2022-05-21 18:41:02,-9.1061,124.8925,71.13,86,12,4.94
167,Batticaloa,LK,2022-05-21 18:41:03,7.7102,81.6924,81.9,71,96,8.75
168,Dwarka,IN,2022-05-21 18:39:18,22.2394,68.9678,82.45,84,8,23.11
169,Manadhoo,MV,2022-05-21 18:41:03,5.7667,73.3833,82.98,79,64,15.46
170,Thiruvananthapuram,IN,2022-05-21 18:41:00,8.4833,76.9167,80.58,89,40,4.61
171,Tambopata,PE,2022-05-21 18:41:04,-12.7333,-69.1833,84.09,48,20,6.91
172,Kruisfontein,ZA,2022-05-21 18:31:20,-34.0033,24.7314,55.89,85,8,5.59
173,Cayenne,GF,2022-05-21 18:36:26,4.9333,-52.3333,81.09,1,75,12.66
174,Lebu,CL,2022-05-21 18:41:05,-37.6167,-73.65,55.44,80,88,8.55
175,Hoquiam,US,2022-05-21 18:41:05,46.9809,-123.8893,62.85,78,4,4.0
176,Lerwick,GB,2022-05-21 18:41:06,60.1545,-1.1494,51.8,82,100,14.61
177,Arraial Do Cabo,BR,2022-05-21 18:31:04,-22.9661,-42.0278,73.36,64,20,9.22
178,Likasi,CD,2022-05-21 18:41:07,-10.9814,26.7333,67.6,60,96,2.86
179,Jahangirpur,IN,2022-05-21 18:41:07,28.1833,77.7167,89.42,25,55,5.32
180,New Norfolk,AU,2022-05-21 18:36:35,-42.7826,147.0587,44.1,87,18,2.53
181,Houma,US,2022-05-21 18:41:08,29.5958,-90.7195,90.0,76,40,18.41
182,Hofn,IS,2022-05-21 18:39:17,64.2539,-15.2082,48.81,85,100,9.04
183,Bengkulu,ID,2022-05-21 18:42:09,-3.8004,102.2655,76.6,89,100,3.89
184,Hermanus,ZA,2022-05-21 18:42:09,-34.4187,19.2345,58.32,75,39,6.93
185,Manzhouli,CN,2022-05-21 18:42:09,49.6,117.4333,55.0,28,59,6.53
186,Olafsvik,IS,2022-05-21 18:42:10,64.8945,-23.7142,43.74,80,91,19.73
187,Mersing,MY,2022-05-21 18:42:10,2.4312,103.8405,76.91,94,20,5.75
188,Shimoda,JP,2022-05-21 18:42:11,34.6667,138.95,60.8,87,100,10.63
189,Tasiilaq,GL,2022-05-21 18:42:11,65.6145,-37.6368,37.56,72,100,4.43
190,Labuhan,ID,2022-05-21 18:42:12,-6.8844,112.2051,78.22,87,100,7.11
191,Ahipara,NZ,2022-05-21 18:42:12,-35.1667,173.1667,59.95,78,100,12.93
192,Upernavik,GL,2022-05-21 18:42:13,72.7868,-56.1549,29.79,77,100,7.58
193,Songjianghe,CN,2022-05-21 18:42:13,42.1859,127.479,48.34,92,100,2.8
194,Fairbanks,US,2022-05-21 18:38:29,64.8378,-147.7164,65.48,36,0,3.44
195,Patti,IN,2022-05-21 18:42:14,31.2808,74.8572,84.27,18,6,3.42
196,Una,IN,2022-05-21 18:42:14,20.8167,71.0333,83.16,73,59,18.9
197,Manokwari,ID,2022-05-21 18:42:15,-0.8667,134.0833,78.3,79,84,2.57
198,Tiksi,RU,2022-05-21 18:42:15,71.6872,128.8694,22.86,99,100,2.95
199,Zhigansk,RU,2022-05-21 18:42:16,66.7697,123.3711,32.88,89,15,6.06
200,Iqaluit,CA,2022-05-21 18:42:16,63.7506,-68.5145,31.73,93,100,36.82
201,Sabha,LY,2022-05-21 18:42:17,27.0377,14.4283,73.87,11,0,10.63
202,Caravelas,BR,2022-05-21 18:42:17,-17.7125,-39.2481,75.29,63,2,8.57
203,Grindavik,IS,2022-05-21 18:42:18,63.8424,-22.4338,57.15,71,0,21.85
204,Lloret De Mar,ES,2022-05-21 18:42:18,41.6999,2.8457,79.61,45,82,8.01
205,Baruun-Urt,MN,2022-05-21 18:35:26,46.6806,113.2792,59.9,25,52,6.29
206,Mahebourg,MU,2022-05-21 18:42:19,-20.4081,57.7,75.49,73,40,11.5
207,Hit,IQ,2022-05-21 18:42:19,33.6416,42.8251,81.73,6,82,9.19
208,Timberlake,US,2022-05-21 18:42:19,37.3207,-79.2575,92.41,47,0,4.61
209,Acapulco,MX,2022-05-21 18:39:32,16.8634,-99.8901,87.62,58,20,9.22
210,Tura,IN,2022-05-21 18:42:20,25.5198,90.2201,71.87,98,55,2.42
211,Petropavlovsk-Kamchatskiy,RU,2022-05-21 18:32:09,53.0452,158.6483,37.99,100,100,2.24
212,Chifeng,CN,2022-05-21 18:39:18,42.2683,118.9636,63.43,23,0,4.0
213,Peleduy,RU,2022-05-21 18:42:21,59.6289,112.7406,46.35,84,100,2.57
214,Barra Dos Coqueiros,BR,2022-05-21 18:42:22,-10.9089,-37.0386,82.42,65,75,10.36
215,Bemidji,US,2022-05-21 18:42:22,47.4736,-94.8803,46.56,61,100,6.91
216,Shahr-E Kord,IR,2022-05-21 18:42:23,32.3256,50.8644,55.17,15,0,9.22
217,East London,ZA,2022-05-21 18:40:21,-33.0153,27.9116,59.94,88,0,6.91
218,Quatre Cocos,MU,2022-05-21 18:42:23,-20.2078,57.7625,75.31,68,4,14.32
219,San Patricio,US,2022-05-21 18:42:24,28.017,-97.5169,97.52,48,0,19.71
220,Talnakh,RU,2022-05-21 18:42:26,69.4865,88.3972,42.21,100,100,1.5
221,Noumea,NC,2022-05-21 18:42:27,-22.2763,166.4572,77.0,99,97,13.56
222,Los Llanos De Aridane,ES,2022-05-21 18:42:27,28.6585,-17.9182,67.75,83,40,16.11
223,Sao Joao Da Barra,BR,2022-05-21 18:42:28,-21.6403,-41.0511,78.89,65,7,12.82
224,Churapcha,RU,2022-05-21 18:42:28,62.0025,132.4325,37.18,88,24,5.3
225,Irbil,IQ,2022-05-21 18:42:28,36.1926,44.0106,73.22,23,98,3.44
226,Tuktoyaktuk,CA,2022-05-21 18:43:29,69.4541,-133.0374,28.4,69,100,8.05
227,Mozhaysk,RU,2022-05-21 18:43:29,55.5019,36.0272,45.27,76,100,5.5
228,Bowen,AU,2022-05-21 18:43:30,-20.0167,148.2333,69.75,79,100,8.68
229,The Valley,AI,2022-05-21 18:43:30,18.217,-63.0578,86.14,66,20,12.66
230,Vestmannaeyjar,IS,2022-05-21 18:43:31,63.4427,-20.2734,50.27,82,100,7.54
231,Oriximina,BR,2022-05-21 18:43:31,-1.7656,-55.8661,81.7,70,69,3.91
232,Hervey Bay,AU,2022-05-21 18:43:32,-25.2986,152.8535,69.1,82,99,19.04
233,Cabinda,AO,2022-05-21 18:43:32,-5.55,12.2,75.94,79,10,6.44
234,Adrar,MR,2022-05-21 18:35:21,20.5022,-10.0711,93.99,8,2,2.28
235,Atar,MR,2022-05-21 18:43:33,20.5169,-13.0499,101.03,10,0,12.93
236,Baglan,AF,2022-05-21 18:43:33,36.1307,68.7083,74.39,37,18,3.65
237,Panaba,MX,2022-05-21 18:43:33,21.2833,-88.2667,94.73,46,47,23.33
238,Rocha,UY,2022-05-21 18:36:24,-34.4833,-54.3333,62.73,61,100,7.11
239,Garowe,SO,2022-05-21 18:43:34,8.4054,48.4845,86.38,47,66,25.77
240,Gueret,FR,2022-05-21 18:43:34,46.1667,1.8667,69.94,78,28,4.25
241,Verkhnevilyuysk,RU,2022-05-21 18:43:35,63.4453,120.3167,42.64,93,77,2.06
242,Kargasok,RU,2022-05-21 18:43:35,59.0556,80.8572,46.71,84,100,6.55
243,Inirida,CO,2022-05-21 18:43:36,3.8653,-67.9239,81.5,78,85,2.71
244,Mackay,AU,2022-05-21 18:43:36,-21.15,149.2,67.86,86,95,14.63
245,Saint-Jean-De-Maurienne,FR,2022-05-21 18:43:37,45.1667,6.5833,54.14,62,96,5.06
246,Portland,US,2022-05-21 18:41:36,45.5234,-122.6762,66.69,60,20,11.5
247,Lata,PT,2022-05-21 18:43:37,40.1629,-8.3327,64.81,84,24,2.93
248,Mokhsogollokh,RU,2022-05-21 18:43:38,61.4681,128.9203,36.97,92,9,1.54
249,Touros,BR,2022-05-21 18:40:14,-5.1989,-35.4608,82.67,71,33,13.47
250,Nisia Floresta,BR,2022-05-21 18:43:38,-6.0911,-35.2086,88.18,74,14,9.95
251,Eureka,US,2022-05-21 18:43:39,40.8021,-124.1637,61.2,71,100,5.99
252,Luderitz,NA,2022-05-21 18:41:32,-26.6481,15.1594,56.8,64,9,18.45
253,Contamana,PE,2022-05-21 18:43:39,-7.3333,-75.0167,90.73,41,17,4.12
254,Luba,GQ,2022-05-21 18:43:40,3.4568,8.5547,78.87,88,100,6.98
255,Klaksvik,FO,2022-05-21 18:43:40,62.2266,-6.589,49.12,87,99,14.72
256,Zhangzhou,CN,2022-05-21 18:39:28,24.5133,117.6556,69.73,94,100,2.66
257,Cherskiy,RU,2022-05-21 18:43:41,68.75,161.3,51.31,54,43,11.48
258,Sobolevo,RU,2022-05-21 18:43:41,54.4299,31.8996,45.57,98,100,10.0
259,Narsaq,GL,2022-05-21 18:40:16,60.9167,-46.05,53.82,58,9,4.5
260,Saint-Augustin,CA,2022-05-21 18:43:08,51.226,-58.6502,46.13,84,100,17.69
261,Ouallam,NE,2022-05-21 18:43:42,14.3188,2.0866,93.79,26,36,7.05
262,Mitzic,GA,2022-05-21 18:43:43,0.7821,11.549,69.49,97,100,1.12
263,Orel-Izumrud,RU,2022-05-21 18:43:43,43.4583,39.9244,53.62,87,6,7.0
264,Yatou,CN,2022-05-21 18:43:44,37.15,122.3833,60.85,83,0,9.06
265,Port Hardy,CA,2022-05-21 18:42:15,50.6996,-127.4199,48.38,81,40,5.75
266,Pocatello,US,2022-05-21 18:43:44,42.8713,-112.4455,59.47,26,0,3.44
267,Dakar,SN,2022-05-21 18:43:45,14.6937,-17.4441,77.88,78,75,11.5
268,Porto Novo,BJ,2022-05-21 18:43:45,6.4965,2.6036,76.82,80,100,5.01
269,Pecos,US,2022-05-21 18:43:46,31.4229,-103.4932,73.49,23,0,8.05
270,Camacha,PT,2022-05-21 18:34:35,33.0833,-16.3333,65.62,68,20,16.11
271,Hohhot,CN,2022-05-21 18:44:47,40.8106,111.6522,59.29,44,20,4.47
272,Ketchikan,US,2022-05-21 18:44:01,55.3422,-131.6461,59.47,47,0,6.91
273,Praia Da Vitoria,PT,2022-05-21 18:44:47,38.7333,-27.0667,70.05,88,40,1.97
274,Ngunguru,NZ,2022-05-21 18:44:48,-35.6167,174.5,57.18,84,98,10.04
275,Aksarka,RU,2022-05-21 18:44:48,66.5606,67.7975,32.31,74,100,15.48
276,Salinopolis,BR,2022-05-21 18:40:35,-0.6136,-47.3561,80.76,79,87,4.32
277,Turukhansk,RU,2022-05-21 18:44:49,65.8167,87.9833,51.44,82,100,1.14
278,Spoleto,IT,2022-05-21 18:44:49,42.7448,12.7374,76.12,73,0,1.36
279,Fortuna,US,2022-05-21 18:44:49,40.5982,-124.1573,60.93,71,20,12.66
280,Shestakovo,RU,2022-05-21 18:44:50,56.4915,103.96,47.66,96,100,4.59
281,Namibe,AO,2022-05-21 18:44:50,-15.1961,12.1522,68.47,71,2,4.68
282,Zapolyarnyy,RU,2022-05-21 18:44:51,69.4154,30.8136,43.88,84,100,15.59
283,Sioux Lookout,CA,2022-05-21 18:42:17,50.1001,-91.917,41.07,56,100,5.75
284,Faanui,PF,2022-05-21 18:41:38,-16.4833,-151.75,80.33,72,17,10.47
285,Chegutu,ZW,2022-05-21 18:44:52,-18.1302,30.1407,62.73,60,9,4.43
286,La Paz,BO,2022-05-21 18:44:52,-16.5,-68.15,62.58,14,40,10.36
287,Khandyga,RU,2022-05-21 18:44:52,62.6667,135.6,39.85,88,100,3.53
288,Kirakira,SB,2022-05-21 18:44:53,-10.4544,161.9205,79.52,84,49,2.62
289,Ondjiva,AO,2022-05-21 18:44:53,-17.0667,15.7333,57.31,15,0,6.2
290,Mandera,KE,2022-05-21 18:44:54,3.9366,41.867,86.63,49,100,8.79
291,Billings,US,2022-05-21 18:41:07,45.7833,-108.5007,51.3,38,75,5.99
292,Iranshahr,IR,2022-05-21 18:44:54,27.2025,60.6848,97.14,11,0,0.0
293,Butaritari,KI,2022-05-21 18:44:55,3.0707,172.7902,80.94,80,99,10.92
294,Buraydah,SA,2022-05-21 18:41:07,26.326,43.975,93.65,12,0,14.07
295,San Manuel Chaparron,GT,2022-05-21 18:44:56,14.5167,-89.7667,80.74,49,96,8.77
296,Manggar,ID,2022-05-21 18:44:56,-2.8833,108.2667,80.89,79,100,2.57
297,Selikhino,RU,2022-05-21 18:44:56,50.3672,137.4996,41.68,97,100,8.66
298,Bubaque,GW,2022-05-21 18:44:57,11.2833,-15.8333,79.0,79,100,17.92
299,Pesqueira,BR,2022-05-21 18:40:27,-8.3578,-36.6964,74.23,81,78,11.32
300,Tsabong,BW,2022-05-21 18:44:58,-26.0217,22.401,52.11,72,72,8.99
301,Marigot,MF,2022-05-21 18:44:58,18.0667,-63.0833,86.09,61,20,12.66
302,Husavik,IS,2022-05-21 18:44:58,66.0449,-17.3389,41.68,98,100,10.69
303,Aykhal,RU,2022-05-21 18:41:29,66.0,111.5,39.52,76,67,3.44
304,Bunia,CD,2022-05-21 18:44:59,1.5667,30.25,63.52,94,100,2.71
305,Richards Bay,ZA,2022-05-21 18:40:13,-28.783,32.0377,63.07,87,100,13.15
306,Haapiti,PF,2022-05-21 18:45:00,-17.5667,-149.8667,80.33,69,0,10.09
307,Seymchan,RU,2022-05-21 18:41:39,62.8833,152.4333,40.57,78,99,5.53
308,Zhovti Vody,UA,2022-05-21 18:45:00,48.3473,33.5003,62.64,91,100,15.59
309,Barra,BR,2022-05-21 18:45:01,-11.0894,-43.1417,84.6,44,67,6.24
310,Rawson,AR,2022-05-21 18:45:01,-43.3002,-65.1023,63.59,37,100,14.54
311,Korba,IN,2022-05-21 18:40:07,22.35,82.6833,85.91,33,87,4.79
312,Odweyne,SO,2022-05-21 18:45:02,9.4092,45.064,80.06,50,32,14.58
313,Borehamwood,GB,2022-05-21 18:45:03,51.6547,-0.2776,65.17,50,0,8.05
314,Havoysund,NO,2022-05-21 18:45:03,70.9963,24.6622,44.83,78,37,2.44
315,Lavrentiya,RU,2022-05-21 18:45:04,65.5833,-171.0,37.17,87,72,9.26
316,Norwalk,US,2022-05-21 18:46:04,33.9022,-118.0817,73.06,62,100,9.22
317,Ossora,RU,2022-05-21 18:46:05,59.2353,163.0719,35.28,99,100,2.42
318,Russell,US,2022-05-21 18:45:29,32.3502,-85.1999,89.91,55,40,4.61
319,Manjacaze,MZ,2022-05-21 18:46:06,-24.7117,33.8828,66.99,93,99,5.64
320,Pevek,RU,2022-05-21 18:46:06,69.7008,170.3133,33.75,89,100,5.12
321,Kieta,PG,2022-05-21 18:46:07,-6.2167,155.6333,78.04,84,21,1.05
322,Locri,IT,2022-05-21 18:46:07,38.2414,16.2623,63.99,69,5,14.76
323,Antofagasta,CL,2022-05-21 18:42:23,-23.65,-70.4,61.88,68,30,6.44
324,Airai,TL,2022-05-21 18:36:28,-8.9266,125.4092,57.47,90,23,3.62
325,Moron,AR,2022-05-21 18:45:26,-34.6534,-58.6198,72.01,45,0,4.18
326,Ballina,AU,2022-05-21 18:46:08,-28.8667,153.5667,59.77,85,100,12.71
327,Upata,VE,2022-05-21 18:46:09,8.0086,-62.3989,87.19,35,2,8.81
328,Muzhi,RU,2022-05-21 18:46:09,65.3667,64.6667,32.2,85,100,11.43
329,Alice Springs,AU,2022-05-21 18:46:10,-23.7,133.8833,42.35,65,10,0.0
330,Seoul,KR,2022-05-21 18:43:29,37.5683,126.9778,61.99,82,75,3.44
331,Cabedelo,BR,2022-05-21 18:46:10,-6.9811,-34.8339,84.87,76,8,12.5
332,Edirne,TR,2022-05-21 18:46:11,41.6772,26.556,63.81,65,0,2.19
333,Puquio,PE,2022-05-21 18:46:11,-14.7,-74.1333,62.01,29,22,13.0
334,Ponta Delgada,PT,2022-05-21 18:46:12,37.7333,-25.6667,65.12,100,75,6.91
335,Flinders,AU,2022-05-21 18:46:12,-34.5833,150.8552,55.38,92,100,3.0
336,Verkhnyaya Inta,RU,2022-05-21 18:46:13,65.9811,60.3094,32.86,75,100,13.22
337,Keti Bandar,PK,2022-05-21 18:46:13,24.1447,67.4497,81.9,90,39,22.26
338,Ingham,US,2022-05-21 18:46:14,42.6,-84.3833,71.17,75,75,12.66
339,Senador Pompeu,BR,2022-05-21 18:46:14,-5.5881,-39.3717,85.59,54,98,6.53
340,Zavetnoye,RU,2022-05-21 18:46:15,47.1194,43.8903,54.23,97,100,7.54
341,Neryungri,RU,2022-05-21 18:46:15,56.6709,124.6491,29.43,95,77,1.12
342,Zastron,ZA,2022-05-21 18:46:15,-30.3023,27.084,43.93,80,98,7.7
343,Honiara,SB,2022-05-21 18:46:16,-9.4333,159.95,77.29,85,14,1.63
344,Tocopilla,CL,2022-05-21 18:46:16,-22.092,-70.1979,68.59,66,100,7.74
345,Amapa,BR,2022-05-21 18:45:21,1.0,-52.0,75.51,97,100,2.51
346,Hasaki,JP,2022-05-21 18:46:17,35.7333,140.8333,59.4,89,100,17.49
347,Katol,IN,2022-05-21 18:46:17,21.2667,78.5833,92.95,24,0,12.66
348,Port Blair,IN,2022-05-21 18:46:18,11.6667,92.75,84.24,84,75,8.05
349,Leningradskiy,RU,2022-05-21 18:46:18,69.3833,178.4167,32.54,97,97,9.78
350,Victoria,HK,2022-05-21 18:33:26,22.2855,114.1577,78.85,88,100,15.01
351,Najran,SA,2022-05-21 18:41:23,17.4924,44.1277,84.85,11,4,2.08
352,Constitucion,CL,2022-05-21 18:45:56,-35.3333,-72.4167,58.42,58,100,11.63
353,Ende,ID,2022-05-21 18:46:19,-8.8432,121.6623,75.67,84,5,1.92
354,Saint George,US,2022-05-21 18:45:38,37.1041,-113.5841,73.8,12,0,3.0
355,Great Falls,US,2022-05-21 18:46:20,47.5002,-111.3008,47.16,44,100,5.75
356,Port Lincoln,AU,2022-05-21 18:46:20,-34.7333,135.8667,58.68,81,0,11.41
357,Turbat,PK,2022-05-21 18:46:21,26.0023,63.044,89.4,51,0,2.19
358,Scottsboro,US,2022-05-21 18:46:21,34.6723,-86.0341,90.86,48,40,9.22
359,Padang,ID,2022-05-21 18:46:22,-0.9492,100.3543,77.7,89,97,2.91
360,Kopanskaya,RU,2022-05-21 18:46:22,46.2779,38.4795,60.48,60,100,27.45
361,Ransang,PH,2022-05-21 18:46:23,8.9603,117.5828,79.43,85,100,5.19
362,Mega,ET,2022-05-21 18:47:23,4.05,38.3,59.41,86,100,5.3
363,Shache,CN,2022-05-21 18:47:24,38.4167,77.2406,68.16,37,100,13.42
364,Utica,US,2022-05-21 18:44:59,43.1009,-75.2327,92.39,51,100,1.99
365,Emerald,AU,2022-05-21 18:44:12,-23.5333,148.1667,62.74,94,100,10.36
366,Henties Bay,NA,2022-05-21 18:47:24,-22.116,14.2845,57.33,75,1,12.5
367,Vila,PT,2022-05-21 18:47:25,42.0304,-8.1588,65.28,89,98,7.56
368,Sladkovicovo,SK,2022-05-21 18:47:25,48.2014,17.6385,69.91,57,87,9.42
369,Bilibino,RU,2022-05-21 18:47:26,68.0546,166.4372,39.76,82,100,2.1
370,Mikhaylovka,RU,2022-05-21 18:47:26,50.06,43.2379,50.79,83,100,8.86
371,Peniche,PT,2022-05-21 18:47:27,39.3558,-9.3811,66.92,82,3,21.14
372,Carlagan,PH,2022-05-21 18:47:27,14.975,122.0456,79.99,81,100,5.75
373,Fayaoue,NC,2022-05-21 18:47:29,-20.65,166.5333,77.4,83,95,24.27
374,Magaria,NE,2022-05-21 18:47:30,12.9983,8.9099,92.64,12,100,9.31
375,Concordia,AR,2022-05-21 18:47:30,-31.393,-58.0209,69.87,64,75,4.0
376,Sicuani,PE,2022-05-21 18:47:31,-14.2694,-71.2261,61.05,32,95,7.0
377,Andenes,NO,2022-05-21 18:47:31,69.3143,16.1194,46.38,87,100,5.75
378,Tobermory,CA,2022-05-21 18:47:32,45.2501,-81.6665,42.24,97,100,10.11
379,Buala,SB,2022-05-21 18:47:32,-8.145,159.5921,79.41,81,83,5.35
380,Korla,CN,2022-05-21 18:47:33,41.7597,86.1469,78.4,10,100,16.11
381,Constantine,DZ,2022-05-21 18:47:33,36.365,6.6147,78.21,18,0,6.91
382,Nouadhibou,MR,2022-05-21 18:47:34,20.931,-17.0347,69.78,73,1,23.02
383,Havelock,US,2022-05-21 18:47:34,34.8791,-76.9013,92.98,78,0,13.8
384,Miracema Do Tocantins,BR,2022-05-21 18:47:35,-9.5618,-48.3967,87.78,38,5,3.2
385,Srednekolymsk,RU,2022-05-21 18:47:35,67.45,153.6833,52.68,48,100,4.59
386,Alekseyevsk,RU,2022-05-21 18:47:35,57.8406,108.3492,50.14,87,80,6.44
387,Abha,SA,2022-05-21 18:43:29,18.2164,42.5053,75.02,38,0,0.0
388,Sept-Iles,CA,2022-05-21 18:47:36,50.2001,-66.3821,47.05,90,100,9.22
389,Maumere,ID,2022-05-21 18:47:36,-8.6199,122.2111,78.48,79,7,2.08
390,Del Rio,US,2022-05-21 18:47:37,29.3627,-100.8968,91.51,50,0,6.91
391,Wilmington,US,2022-05-21 18:47:38,34.2257,-77.9447,88.0,67,0,10.36
392,Nantucket,US,2022-05-21 18:47:38,41.2835,-70.0995,73.54,77,0,10.36
393,Orange,US,2022-05-21 18:43:46,33.7,-117.7675,73.76,77,100,6.91
394,Ilulissat,GL,2022-05-21 18:44:15,69.2167,-51.1,33.82,80,75,8.05
395,College,US,2022-05-21 18:47:39,64.8569,-147.8028,65.46,37,40,3.44
396,Laramie,US,2022-05-21 18:44:37,41.3114,-105.5911,38.95,48,100,4.61
397,Qaqortoq,GL,2022-05-21 18:47:40,60.7167,-46.0333,42.71,67,10,6.17
398,Beloha,MG,2022-05-21 18:47:40,-25.1667,45.05,69.31,52,0,7.2
399,Guasdualito,VE,2022-05-21 18:47:40,7.2424,-70.7324,87.8,62,40,8.05
400,Iracoubo,GF,2022-05-21 18:47:41,5.4802,-53.2011,77.85,88,100,11.92
401,Chabahar,IR,2022-05-21 18:47:41,25.2919,60.643,84.7,78,0,3.06
402,Georgetown,MY,2022-05-21 18:45:17,5.4112,100.3354,82.33,88,20,2.3
403,Helsinki,FI,2022-05-21 18:47:42,60.1695,24.9355,52.18,47,0,11.99
404,Cockburn Town,TC,2022-05-21 18:47:42,21.4612,-71.1419,84.16,70,40,13.8
405,Bintulu,MY,2022-05-21 18:47:43,3.1667,113.0333,75.61,94,20,3.44
406,San Juan,AR,2022-05-21 18:47:43,-31.5375,-68.5364,66.99,22,0,1.99
407,Juneau,US,2022-05-21 18:44:17,58.3019,-134.4197,62.83,65,0,4.61
408,Esperance,AU,2022-05-21 18:47:44,-33.8667,121.9,57.04,69,54,12.12
409,Ugoofaaru,MV,2022-05-21 18:47:44,5.6667,73.0,82.99,79,49,14.7
410,San Angelo,US,2022-05-21 18:45:56,31.4638,-100.437,85.89,40,0,14.97
411,Clyde River,CA,2022-05-21 18:48:45,70.4692,-68.5914,23.23,86,100,6.91
412,Sol-Iletsk,RU,2022-05-21 18:48:45,51.1631,54.9918,42.6,92,100,19.91
413,Andrews,US,2022-05-21 18:48:46,32.3187,-102.5457,73.35,24,40,11.5
414,Ponta Do Sol,PT,2022-05-21 18:48:46,32.6667,-17.1,71.71,78,25,1.52
415,Granadilla De Abona,ES,2022-05-21 18:48:47,28.1188,-16.576,69.1,65,20,21.85
416,Molina,CL,2022-05-21 18:47:40,-35.1167,-71.2833,61.38,100,0,4.61
417,Astana,KZ,2022-05-21 18:48:47,51.1801,71.446,67.95,56,20,2.24
418,Bermejo,AR,2022-05-21 18:48:11,-32.8833,-68.8,67.91,26,0,6.91
419,Faya,SA,2022-05-21 18:48:48,18.3851,42.4509,75.31,16,4,6.11
420,Houston,US,2022-05-21 18:46:26,29.7633,-95.3633,96.42,63,75,16.11
421,Baykit,RU,2022-05-21 18:48:49,61.67,96.37,45.14,89,100,8.66
422,Tukrah,LY,2022-05-21 18:48:49,32.5341,20.5791,65.07,88,0,6.96
423,Hami,CN,2022-05-21 18:46:36,42.8,93.45,77.43,23,0,18.21
424,Waslala,NI,2022-05-21 18:48:50,13.2333,-85.3833,80.04,76,100,2.26
425,Sattahip,TH,2022-05-21 18:48:50,12.6664,100.9007,80.98,74,20,3.44
426,Oussouye,SN,2022-05-21 18:48:51,12.485,-16.5469,87.98,63,100,12.64
427,Fare,PF,2022-05-21 18:48:51,-16.7,-151.0167,80.24,71,4,9.53
428,Alta Floresta,BR,2022-05-21 18:48:52,-9.8756,-56.0861,89.42,31,0,2.3
429,Byron Bay,AU,2022-05-21 18:48:52,-28.65,153.6167,59.7,85,100,11.45
430,Awbari,LY,2022-05-21 18:48:52,26.5921,12.7805,77.67,11,0,13.4
431,Oakdale,US,2022-05-21 18:48:53,44.963,-92.9649,56.79,48,75,11.5
432,Robertsport,LR,2022-05-21 18:48:53,6.7533,-11.3686,78.71,85,99,12.88
433,Manaure,CO,2022-05-21 18:48:54,11.7751,-72.4445,91.71,45,6,21.18
434,Tevriz,RU,2022-05-21 18:48:54,57.509,72.4042,57.15,85,100,10.56
435,Diego De Almagro,CL,2022-05-21 18:48:55,-26.3667,-70.05,76.01,16,0,9.84
436,Avera,US,2022-05-21 18:48:55,33.194,-82.5271,87.85,34,100,7.2
437,Luang Prabang,LA,2022-05-21 18:48:57,19.8856,102.1347,74.7,99,100,1.19
438,Bara,NG,2022-05-21 18:48:58,10.3744,10.7288,91.54,35,4,7.23
439,High Prairie,CA,2022-05-21 18:48:59,55.4334,-116.4858,54.46,34,89,3.13
440,Ola,RU,2022-05-21 18:48:59,59.5833,151.2833,37.15,90,99,3.89
441,Mayor Pablo Lagerenza,PY,2022-05-21 18:49:00,-19.9309,-60.7718,88.03,23,8,7.87
442,Naze,JP,2022-05-21 18:49:00,28.3667,129.4833,67.12,85,30,9.26
443,Roebourne,AU,2022-05-21 18:49:01,-20.7833,117.1333,76.64,76,88,5.46
444,Aquiraz,BR,2022-05-21 18:49:01,-3.9014,-38.3911,87.46,75,21,7.02
445,Camopi,GF,2022-05-21 18:49:01,3.1655,-52.3158,79.65,93,76,1.97
446,Vao,NC,2022-05-21 18:49:02,-22.6667,167.4833,74.03,87,88,25.66
447,Marzuq,YE,2022-05-21 18:49:02,14.4,46.4667,79.38,26,39,3.49
448,Sweetwater,US,2022-05-21 18:45:23,25.7634,-80.3731,90.01,74,75,16.11
449,Duyun,CN,2022-05-21 18:49:03,26.2667,107.5167,62.22,99,100,2.53
450,Alofi,NU,2022-05-21 18:49:03,-19.0595,-169.9187,66.09,94,26,1.14
451,Ravar,IR,2022-05-21 18:49:04,31.2656,56.8055,79.52,20,0,11.65
452,Norman Wells,CA,2022-05-21 18:49:04,65.282,-126.8329,42.84,87,100,19.57
453,Warrnambool,AU,2022-05-21 18:49:05,-38.3833,142.4833,39.81,88,5,5.5
454,Leh,IN,2022-05-21 18:49:05,34.1667,77.5833,46.02,48,9,6.22
455,Clinton,US,2022-05-21 18:49:06,42.587,-82.9199,74.01,79,75,13.8
456,Narsipatnam,IN,2022-05-21 18:49:06,17.6667,82.6167,84.09,54,100,2.53
457,Samarkand,UZ,2022-05-21 18:49:06,39.6542,66.9597,63.82,55,75,16.11
458,Isangel,VU,2022-05-21 18:50:07,-19.55,169.2667,69.91,88,100,3.44
459,Aguimes,ES,2022-05-21 18:50:08,27.9054,-15.4461,70.43,60,20,25.32
460,Ayan,RU,2022-05-21 18:50:08,56.45,138.1667,32.2,99,100,9.13
461,Severo-Kurilsk,RU,2022-05-21 18:50:09,50.6789,156.125,41.56,96,96,0.63
462,Yumen,CN,2022-05-21 18:50:09,40.2833,97.2,64.58,31,0,11.23
463,Front Royal,US,2022-05-21 18:50:10,38.9182,-78.1944,94.51,47,40,5.75
464,Eyl,SO,2022-05-21 18:50:10,7.9803,49.8164,83.41,70,82,21.43
465,Burnie,AU,2022-05-21 18:50:11,-41.0667,145.9167,47.95,86,8,4.21
466,Graaff-Reinet,ZA,2022-05-21 18:50:11,-32.2522,24.5308,50.92,93,45,3.51
467,Maldonado,UY,2022-05-21 18:50:11,-34.6667,-54.9167,65.59,60,40,8.9
468,Mount Isa,AU,2022-05-21 18:50:12,-20.7333,139.5,64.17,68,40,5.75
469,Gilgit,PK,2022-05-21 18:50:12,35.9221,74.3087,68.67,52,98,5.86
470,Dryden,CA,2022-05-21 18:50:13,49.7833,-92.7503,39.49,75,75,6.91
471,Brae,GB,2022-05-21 18:50:13,60.3964,-1.353,51.3,80,82,13.53
472,Uige,AO,2022-05-21 18:50:14,-7.6087,15.0613,68.77,90,66,2.1
473,Basugaon,IN,2022-05-21 18:46:36,26.4667,90.4,71.2,95,100,2.21
474,Stadtallendorf,DE,2022-05-21 18:50:14,50.8333,9.0167,61.56,74,88,3.27
475,Khasan,RU,2022-05-21 18:50:15,42.4308,130.6434,53.42,81,96,5.68
476,Killybegs,IE,2022-05-21 18:50:15,54.6333,-8.45,58.71,78,89,12.48
477,Torbat-E Jam,IR,2022-05-21 18:50:16,35.244,60.6225,56.43,58,88,25.14
478,Pontianak,ID,2022-05-21 18:50:16,-0.0333,109.3333,78.78,94,100,2.3
479,Merauke,ID,2022-05-21 18:48:16,-8.4667,140.3333,77.18,87,86,10.54
480,Quartucciu,IT,2022-05-21 18:50:17,39.2519,9.1794,73.04,70,0,5.75
481,Formosa Do Rio Preto,BR,2022-05-21 18:50:17,-11.0483,-45.1931,87.17,35,90,3.15
482,Warri,NG,2022-05-21 18:50:18,5.5167,5.75,75.51,93,100,2.64
483,High Level,CA,2022-05-21 18:50:18,58.5169,-117.136,60.91,21,40,9.22
484,Ambon,ID,2022-05-21 18:50:18,-3.6954,128.1814,77.14,94,20,0.0
485,Paamiut,GL,2022-05-21 18:50:19,61.994,-49.6678,35.83,84,10,13.58
486,Aksha,RU,2022-05-21 18:50:19,50.2814,113.2867,58.01,56,100,12.35
487,Port-Cartier,CA,2022-05-21 18:50:20,50.0334,-66.8654,46.74,95,100,5.66
488,Kavaratti,IN,2022-05-21 18:50:20,10.5669,72.642,83.37,78,99,16.84
489,Ixtapa,MX,2022-05-21 18:50:21,20.7,-105.2,93.78,33,1,8.32
490,Bailen,ES,2022-05-21 18:50:21,38.0964,-3.7779,84.83,26,20,4.7
491,Baoding,CN,2022-05-21 18:50:22,38.8511,115.4903,68.58,32,1,6.46
492,Takoradi,GH,2022-05-21 18:50:22,4.8845,-1.7554,77.72,87,100,11.68
493,Hualmay,PE,2022-05-21 18:50:23,-11.0964,-77.6139,69.28,74,21,9.22
494,Margate,GB,2022-05-21 18:50:23,51.3813,1.3862,62.69,66,100,3.0
495,Nome,US,2022-05-21 18:50:24,64.5011,-165.4064,60.87,34,0,17.27
496,Krasnyy Chikoy,RU,2022-05-21 18:50:24,50.3643,108.7512,50.7,92,51,4.9
497,Milkovo,RU,2022-05-21 18:50:24,54.7167,158.6167,40.06,94,100,1.28
498,Sinop,TR,2022-05-21 18:49:56,41.7711,34.8709,59.07,61,0,7.36
499,Sola,VU,2022-05-21 18:46:39,-13.8833,167.55,74.07,100,20,0.0
500,Pokhara,NP,2022-05-21 18:46:22,28.2333,83.9833,66.56,81,38,3.4
501,Erenhot,CN,2022-05-21 18:50:25,43.6475,111.9767,67.75,36,9,11.99
502,Balakhta,RU,2022-05-21 18:50:26,55.38,91.6,54.27,51,74,1.72
503,Alaca,TR,2022-05-21 18:50:26,40.1683,34.8425,55.99,60,0,1.68
504,Puerto Del Rosario,ES,2022-05-21 18:51:27,28.5004,-13.8627,71.35,78,20,18.41
505,Dukat,RU,2022-05-21 18:50:40,62.55,155.55,27.36,97,100,5.41
506,Meulaboh,ID,2022-05-21 18:51:27,4.1363,96.1285,77.88,88,100,2.44
507,Nishihara,JP,2022-05-21 18:51:28,26.1842,127.7558,70.88,83,40,13.8
508,Manono,CD,2022-05-21 18:51:28,-7.3,27.4167,76.37,53,100,2.8
509,Tommot,RU,2022-05-21 18:51:29,58.9564,126.2925,35.19,91,10,2.33
510,Bay Saint Louis,US,2022-05-21 18:51:29,30.3088,-89.33,87.89,81,9,11.88
511,Mercedes,AR,2022-05-21 18:51:29,-34.6515,-59.4307,74.86,29,0,4.68
512,Abu Kamal,SY,2022-05-21 18:51:30,34.4506,40.9171,80.42,8,71,6.33
513,Savannah Bight,HN,2022-05-21 18:51:30,16.45,-85.85,82.11,85,97,30.51
514,Yangjiang,CN,2022-05-21 18:51:31,21.85,111.9667,75.24,89,99,5.66
515,Mareeba,AU,2022-05-21 18:51:32,-17.0,145.4333,70.52,90,7,2.55
516,Dalvik,IS,2022-05-21 18:47:40,65.9702,-18.5286,42.73,96,100,8.32
517,Sharan,RU,2022-05-21 18:51:33,54.8167,54.0,36.03,94,22,9.22
518,Beatrice,US,2022-05-21 18:51:33,40.2681,-96.747,53.58,50,100,12.66
519,Haines Junction,CA,2022-05-21 18:51:34,60.7522,-137.5108,55.49,45,9,3.8
520,Beyneu,KZ,2022-05-21 18:51:34,45.3167,55.2,56.3,39,61,12.35
521,Half Moon Bay,US,2022-05-21 18:51:35,37.4636,-122.4286,82.89,61,0,12.66
522,Sakakah,SA,2022-05-21 18:51:35,29.9697,40.2064,89.17,14,0,19.24
523,Goderich,CA,2022-05-21 18:51:35,43.7501,-81.7165,59.32,82,100,9.22
524,Nichinan,JP,2022-05-21 18:51:36,31.6,131.3667,60.03,89,100,3.74
525,Grand Gaube,MU,2022-05-21 18:51:36,-20.0064,57.6608,75.6,75,0,5.99
526,Whitehorse,CA,2022-05-21 18:51:37,60.7161,-135.0538,60.1,37,20,8.05
527,Falkenberg,SE,2022-05-21 18:51:37,56.9055,12.4912,53.94,77,72,7.58
528,Bereda,ES,2022-05-21 18:51:37,43.2686,-7.5406,74.57,55,100,1.99
529,Bluefield,US,2022-05-21 18:51:38,37.2698,-81.2223,85.15,49,20,11.5
530,Sosua,DO,2022-05-21 18:51:38,19.7667,-70.5167,93.18,70,20,18.41
531,Rincon,US,2022-05-21 18:50:56,32.296,-81.2354,88.86,63,75,14.97
532,Nizhneudinsk,RU,2022-05-21 18:51:39,54.9076,99.0276,57.45,66,100,3.0
533,Zhanakorgan,KZ,2022-05-21 18:51:40,43.9098,67.2495,60.04,64,100,20.83
534,Saldanha,ZA,2022-05-21 18:51:40,-33.0117,17.9442,53.65,77,47,10.47
535,Waddan,LY,2022-05-21 18:51:40,29.1614,16.139,73.35,18,0,8.41
536,Huarmey,PE,2022-05-21 18:51:41,-10.0681,-78.1522,70.72,74,49,9.6
537,Carora,VE,2022-05-21 18:51:41,10.1755,-70.0827,96.22,23,2,19.91
538,Katy,US,2022-05-21 18:49:19,29.7858,-95.8244,97.72,57,40,17.27
539,Olinda,BR,2022-05-21 18:51:42,-8.0089,-34.8553,83.93,70,20,14.97
540,Beian,NO,2022-05-21 18:51:42,63.6559,9.5683,52.0,87,75,6.91
541,Sechura,PE,2022-05-21 18:51:43,-5.5569,-80.8222,78.58,58,14,11.52
542,Nemuro,JP,2022-05-21 18:51:43,43.3236,145.575,48.85,99,100,11.39
543,Abu Samrah,SY,2022-05-21 18:51:43,35.3029,37.1841,76.78,14,99,9.33
544,Valday,RU,2022-05-21 18:51:44,57.9747,33.2525,42.93,60,6,8.68
545,Mount Gambier,AU,2022-05-21 18:51:44,-37.8333,140.7667,44.62,93,6,4.97
546,Kudahuvadhoo,MV,2022-05-21 18:51:45,2.6708,72.8944,83.21,76,52,9.26
547,Tessalit,ML,2022-05-21 18:51:45,20.1986,1.0114,95.81,12,9,11.41
548,Morondava,MG,2022-05-21 18:51:46,-20.2833,44.2833,76.53,74,0,9.28
549,Moose Jaw,CA,2022-05-21 18:52:46,50.4001,-105.5344,48.45,34,100,10.36
550,Kotdwara,IN,2022-05-21 18:52:47,29.75,78.5333,82.17,27,95,5.79
551,Zyryanka,RU,2022-05-21 18:52:47,65.75,150.85,47.03,78,100,10.49
552,Renala Khurd,PK,2022-05-21 18:52:47,30.8833,73.6,90.27,15,0,6.8
553,Valkla,EE,2022-05-21 18:52:48,59.4744,25.3186,48.25,57,96,17.74
554,Ferkessedougou,CI,2022-05-21 18:52:48,9.6,-5.2,84.0,58,36,8.08
555,Marfino,RU,2022-05-21 18:52:49,55.7028,37.3822,53.85,40,0,4.47
556,Maymyo,MM,2022-05-21 18:52:49,22.0333,96.4667,67.95,82,98,0.92
557,Goure,NE,2022-05-21 18:52:50,13.9835,10.2704,96.03,12,77,10.07
558,Fallon,US,2022-05-21 18:51:42,39.4735,-118.7774,63.45,17,20,0.0
559,Axim,GH,2022-05-21 18:52:50,4.8699,-2.2405,77.0,89,100,12.62
560,Muros,ES,2022-05-21 18:52:51,42.7762,-9.0603,74.68,76,100,6.87
561,Davila,PH,2022-05-21 18:52:51,18.4726,120.5763,76.98,79,73,3.53
562,Abu Dhabi,AE,2022-05-21 18:49:45,24.4667,54.3667,93.22,47,0,8.05
563,Deep River,CA,2022-05-21 18:52:52,46.1001,-77.4995,61.41,90,100,5.28
564,Lixourion,GR,2022-05-21 18:52:52,38.2019,20.4314,65.05,77,0,6.58
565,Zabaykalsk,RU,2022-05-21 18:52:53,49.6333,117.3167,54.93,28,47,7.18
566,Araguaina,BR,2022-05-21 18:52:53,-7.1911,-48.2072,87.12,42,19,3.56
567,Andilamena,MG,2022-05-21 18:52:53,-17.0167,48.5833,58.1,95,32,4.59
568,Saquarema,BR,2022-05-21 18:52:54,-22.92,-42.5103,73.54,73,6,6.87
569,Seguela,CI,2022-05-21 18:52:54,7.9611,-6.6731,80.89,66,72,5.3
570,Ati,TD,2022-05-21 18:52:55,13.2154,18.3353,94.71,9,12,8.88
571,Altay,CN,2022-05-21 18:52:55,47.8667,88.1167,68.67,23,100,9.31
572,Heide,DE,2022-05-21 18:52:56,54.2,9.1,57.11,84,100,12.57
573,Krasnoselkup,RU,2022-05-21 18:52:56,65.7,82.4667,46.15,69,95,9.89
574,Harlingen,US,2022-05-21 18:49:50,26.1906,-97.6961,95.09,33,0,20.96
575,West Bay,KY,2022-05-21 18:52:57,19.3667,-81.4167,87.08,76,20,16.11
576,Santa Cruz,BO,2022-05-21 18:50:34,-17.8,-63.1667,80.06,44,75,18.41
577,Okakarara,NA,2022-05-21 18:52:57,-20.5833,17.4333,45.82,27,0,5.5
578,Jizan,SA,2022-05-21 18:52:58,17.3333,42.6667,88.74,58,8,2.1
579,Maniitsoq,GL,2022-05-21 18:52:58,65.4167,-52.9,37.2,76,87,14.61
580,Puerto Cabezas,NI,2022-05-21 18:51:03,14.0351,-83.3888,80.56,89,40,9.22
581,Marystown,CA,2022-05-21 18:52:59,47.1666,-55.1483,54.64,57,5,6.4
582,Quchan,IR,2022-05-21 18:53:00,37.106,58.5095,47.97,72,100,10.09
583,Pavino,RU,2022-05-21 18:53:00,59.1139,46.1414,31.8,88,100,7.47
584,Scarborough,GB,2022-05-21 18:50:31,54.2797,-0.4044,59.79,70,79,3.0
585,Denpasar,ID,2022-05-21 18:51:00,-8.65,115.2167,78.46,88,20,4.61
586,Palmer,US,2022-05-21 18:51:11,42.1584,-72.3287,89.92,56,20,6.91
587,Kobelyaky,UA,2022-05-21 18:53:01,49.1489,34.1965,62.46,90,59,17.07
588,Agas,RO,2022-05-21 18:53:02,46.4833,26.2167,59.83,81,8,6.11
589,Hambantota,LK,2022-05-21 18:53:02,6.1241,81.1185,79.14,100,20,8.05
590,La Ronge,CA,2022-05-21 18:53:03,55.1001,-105.2842,57.42,21,40,12.66
591,Andros Town,BS,2022-05-21 18:53:03,24.7,-77.7667,84.16,75,92,16.58
592,Christchurch,NZ,2022-05-21 18:53:03,-43.5333,172.6333,37.94,88,20,1.14
593,Mkushi,ZM,2022-05-21 18:54:04,-13.6202,29.3939,63.36,70,41,2.91
594,Pochutla,MX,2022-05-21 18:54:06,15.7432,-96.4661,92.82,36,86,11.72
595,Limbuhan,PH,2022-05-21 18:54:07,11.8838,124.0501,82.11,78,74,6.87
596,Kwinana,AU,2022-05-21 18:54:08,-32.25,115.7667,57.34,72,0,8.1
597,Kapaa,US,2022-05-21 18:54:08,22.0752,-159.319,80.58,91,2,4.0
598,Lichuan,CN,2022-05-21 18:54:09,30.3,108.85,57.43,85,100,1.74
599,Asau,RO,2022-05-21 18:54:09,46.4333,26.4,68.92,79,8,5.75
600,Codrington,AU,2022-05-21 18:54:10,-38.2667,141.9667,43.57,93,6,7.29
601,Pisco,PE,2022-05-21 18:54:10,-13.7,-76.2167,68.02,77,77,12.66
602,Jacareacanga,BR,2022-05-21 18:54:11,-6.2222,-57.7528,89.31,43,20,3.13
603,Lasa,IT,2022-05-21 18:54:11,46.6166,10.7002,70.68,61,75,6.13
604,San Cristobal,VE,2022-05-21 18:54:11,7.7669,-72.225,78.98,45,100,9.22
605,Punta Arenas,CL,2022-05-21 18:52:34,-53.15,-70.9167,42.91,65,0,17.27
606,Termini Imerese,IT,2022-05-21 18:54:12,37.9837,13.6956,66.47,66,0,2.91
607,Ushuaia,AR,2022-05-21 18:54:13,-54.8,-68.3,42.46,65,40,11.5
608,Hithadhoo,MV,2022-05-21 18:53:59,-0.6,73.0833,83.05,70,12,8.21
609,Nanortalik,GL,2022-05-21 18:54:13,60.1432,-45.2371,39.7,77,89,5.39
610,Lakeside,US,2022-05-21 18:54:14,30.13,-81.7682,89.92,63,75,9.22
611,Coihaique,CL,2022-05-21 18:54:14,-45.5752,-72.0662,40.95,87,100,8.05
612,Aklavik,CA,2022-05-21 18:54:14,68.2191,-135.0107,33.8,86,100,8.05
613,Vaini,TO,2022-05-21 18:54:15,-21.2,-175.2,69.96,94,75,4.61
614,Lorengau,PG,2022-05-21 18:54:15,-2.0226,147.2712,82.0,78,100,7.27
615,Saint-Philippe,RE,2022-05-21 18:54:16,-21.3585,55.7679,71.19,79,99,11.32
616,Nikolskoye,RU,2022-05-21 18:54:16,59.7035,30.7861,49.89,56,5,9.84
617,Bluff,NZ,2022-05-21 18:54:17,-46.6,168.3333,50.34,80,100,29.48
618,Moranbah,AU,2022-05-21 18:54:17,-22.0016,148.0466,60.76,91,100,17.83
619,Albany,US,2022-05-21 18:50:27,42.6001,-73.9662,91.17,57,0,6.4
620,Belyy Yar,RU,2022-05-21 18:54:18,53.6039,91.3903,51.69,66,0,4.47
621,Inyonga,TZ,2022-05-21 18:54:18,-6.7167,32.0667,68.11,65,100,3.09
622,Karratha,AU,2022-05-21 18:54:19,-20.7377,116.8463,76.75,76,98,5.03
623,Port Macquarie,AU,2022-05-21 18:54:19,-31.4333,152.9167,58.89,94,75,3.44
624,Pacifica,US,2022-05-21 18:54:20,37.6138,-122.4869,82.44,66,20,12.66
625,Puerto Escondido,MX,2022-05-21 18:54:20,15.85,-97.0667,86.83,70,0,9.22
626,Avarua,CK,2022-05-21 18:54:21,-21.2078,-159.775,73.45,88,40,1.14
627,Puerto Ayora,EC,2022-05-21 18:53:34,-0.7393,-90.3518,76.96,90,63,8.99
628,Berbera,SO,2022-05-21 18:54:21,10.4396,45.0143,93.69,36,11,4.27
629,Jamestown,US,2022-05-21 18:54:22,42.097,-79.2353,80.24,65,40,9.22
630,Kavieng,PG,2022-05-21 18:54:22,-2.5744,150.7967,81.99,71,100,10.96
631,Nagato,JP,2022-05-21 18:54:23,34.3833,131.2,57.2,80,0,5.79
632,Carnarvon,AU,2022-05-21 18:54:08,-24.8667,113.6333,71.28,63,100,5.44
633,Balabac,PH,2022-05-21 18:54:23,7.9868,117.0645,82.13,78,100,8.19
634,Xiongzhou,CN,2022-05-21 18:54:24,25.1167,114.3,67.19,92,100,2.17
635,Rio Gallegos,AR,2022-05-21 18:51:32,-51.6226,-69.2181,45.61,46,24,12.66
636,Dikson,RU,2022-05-21 18:54:24,73.5069,80.5464,27.41,95,100,8.5
637,Ancud,CL,2022-05-21 18:52:51,-41.8697,-73.8203,54.19,91,100,26.53
638,Hilo,US,2022-05-21 18:54:25,19.7297,-155.09,76.62,90,33,1.01
639,Bathsheba,BB,2022-05-21 18:54:25,13.2167,-59.5167,86.61,66,20,19.57
640,Geraldton,AU,2022-05-21 18:54:26,-28.7667,114.6,57.61,88,40,12.66
641,Port Hedland,AU,2022-05-21 18:54:26,-20.3167,118.5667,73.45,100,100,0.0
642,Yar-Sale,RU,2022-05-21 18:54:27,66.8333,70.8333,31.1,80,100,13.78
643,Port Elizabeth,ZA,2022-05-21 18:52:57,-33.918,25.5701,60.31,86,0,4.61
644,Port Alfred,ZA,2022-05-21 18:55:27,-33.5906,26.891,59.59,73,11,3.49
645,Rikitea,PF,2022-05-21 18:54:49,-23.1203,-134.9692,75.24,74,12,6.6
646,Atuona,PF,2022-05-21 18:55:28,-9.8,-139.0333,77.67,76,14,11.03
647,Bredasdorp,ZA,2022-05-21 18:55:28,-34.5322,20.0403,53.47,82,11,5.7
648,Longyearbyen,SJ,2022-05-21 18:55:29,78.2186,15.6401,37.24,70,75,6.91
649,Dingle,PH,2022-05-21 18:55:29,10.9995,122.6711,76.33,91,86,2.75
650,Souillac,MU,2022-05-21 18:55:30,-20.5167,57.5167,75.58,73,40,11.5
651,Broken Hill,AU,2022-05-21 18:51:44,-31.95,141.4333,54.41,89,98,11.39
652,Dehloran,IR,2022-05-21 18:55:30,32.6941,47.2679,84.04,8,35,7.49
653,Numaran,MX,2022-05-21 18:55:31,20.25,-101.9333,92.57,13,0,5.41
654,Hinova,RO,2022-05-21 18:55:32,44.5406,22.7769,71.44,62,99,11.1
655,Busselton,AU,2022-05-21 18:51:39,-33.65,115.3333,59.85,75,0,9.08
656,Ribeira Grande,PT,2022-05-21 18:52:22,38.5167,-28.7,64.8,100,100,6.91
657,Cabo San Lucas,MX,2022-05-21 18:52:24,22.8909,-109.9124,84.61,63,0,11.79
658,Santa Barbara,US,2022-05-21 18:51:35,34.7333,-120.0343,73.35,50,0,8.05
659,Mataura,NZ,2022-05-21 18:55:33,-46.1927,168.8643,46.22,95,100,11.43
660,Tambura,SS,2022-05-21 18:55:33,5.6,27.4667,69.64,97,100,4.83
661,Gloversville,US,2022-05-21 18:55:34,43.0528,-74.3438,89.62,65,0,3.44
662,Torbay,CA,2022-05-21 18:55:34,47.6666,-52.7314,63.37,34,20,6.91
663,Thompson,CA,2022-05-21 18:55:35,55.7435,-97.8558,46.56,25,20,11.5
664,Presque Isle,US,2022-05-21 18:55:35,46.6811,-68.0159,66.06,75,40,13.8
665,Bambous Virieux,MU,2022-05-21 18:51:47,-20.3428,57.7575,75.45,73,40,11.5
666,Port-Gentil,GA,2022-05-21 18:51:06,-0.7193,8.7815,78.94,82,100,13.35
667,Lazaro Cardenas,MX,2022-05-21 18:51:47,17.9583,-102.2,83.1,63,15,9.31
668,Kaitangata,NZ,2022-05-21 18:50:56,-46.2817,169.8464,47.97,92,100,15.39
669,Castro,BR,2022-05-21 18:55:36,-24.7911,-50.0119,63.66,47,8,3.91
670,Omboue,GA,2022-05-21 18:55:37,-1.5746,9.2618,76.37,89,100,9.33
671,Provideniya,RU,2022-05-21 18:55:37,64.3833,-173.3,49.8,51,96,12.21
672,Mar Del Plata,AR,2022-05-21 18:54:18,-38.0023,-57.5575,68.02,64,0,4.61
673,Chokurdakh,RU,2022-05-21 18:55:38,70.6333,147.9167,33.24,100,100,3.71
674,Kodiak,US,2022-05-21 18:54:52,57.79,-152.4072,45.52,79,100,24.23
675,Divnogorsk,RU,2022-05-21 18:55:38,55.9594,92.3619,57.74,57,57,2.01
676,Tautira,PF,2022-05-21 18:55:39,-17.7333,-149.15,79.12,74,17,11.5
677,Paraiso,CR,2022-05-21 18:55:39,9.8383,-83.8656,76.06,86,100,2.26
678,Chuy,UY,2022-05-21 18:53:46,-33.6971,-53.4616,61.9,59,100,7.36
679,Salcininkai,LT,2022-05-21 18:55:40,54.3,25.3833,53.83,97,100,12.86
680,Yellowknife,CA,2022-05-21 18:55:41,62.456,-114.3525,55.92,41,75,5.75
681,Laguna,US,2022-05-21 18:55:41,38.421,-121.4238,82.15,21,20,1.99
682,Umm Kaddadah,SD,2022-05-21 18:55:14,13.6017,26.6876,87.3,11,100,10.65
683,Muscatine,US,2022-05-21 18:55:42,41.4667,-91.1335,59.22,57,100,5.75
684,Nhulunbuy,AU,2022-05-21 18:52:01,-12.2333,136.7667,79.41,73,41,9.22
685,Opuwo,NA,2022-05-21 18:55:42,-18.0607,13.84,59.09,13,0,6.6
686,Cap Malheureux,MU,2022-05-21 18:55:43,-19.9842,57.6142,73.47,75,0,4.0
687,Bedele,ET,2022-05-21 18:55:43,8.456,36.353,56.82,96,100,4.74
688,Barrow,US,2022-05-21 18:55:44,71.2906,-156.7887,21.22,93,100,9.22
689,Ardakan,IR,2022-05-21 18:56:44,32.31,54.0175,79.45,15,20,19.19
690,Kenai,US,2022-05-21 18:55:48,60.5544,-151.2583,63.03,25,0,8.05
691,Muzaffargarh,PK,2022-05-21 18:56:45,30.0754,71.1921,93.22,12,0,4.12
692,Qaanaaq,GL,2022-05-21 18:56:45,77.484,-69.3632,19.87,80,100,2.89
693,Saskylakh,RU,2022-05-21 18:53:36,71.9167,114.0833,26.83,99,97,6.58
694,Kiruna,SE,2022-05-21 18:56:46,67.8557,20.2251,50.92,66,100,3.44
695,Cape Town,ZA,2022-05-21 18:52:22,-33.9258,18.4232,58.12,79,0,2.3
696,Namatanai,PG,2022-05-21 18:56:47,-3.6667,152.4333,79.18,77,64,7.16
697,Nouakchott,MR,2022-05-21 18:53:51,18.0858,-15.9785,71.53,80,3,16.4
698,Coquimbo,CL,2022-05-21 18:56:47,-29.9533,-71.3436,58.73,88,20,11.5
699,Pangnirtung,CA,2022-05-21 18:56:48,66.1451,-65.7125,32.0,86,75,8.05
700,Bethel,US,2022-05-21 18:56:48,41.3712,-73.414,93.34,62,0,1.99
701,Tupik,RU,2022-05-21 18:56:49,54.4253,119.9327,43.32,96,100,4.76
702,Springbok,ZA,2022-05-21 18:56:49,-29.6643,17.8865,46.78,62,4,5.37
703,Gevrai,IN,2022-05-21 18:56:49,19.2667,75.75,82.63,51,0,20.94
704,Manica,FR,2022-05-21 18:56:50,49.0,-1.1667,57.33,81,17,5.14
705,Kahului,US,2022-05-21 18:56:50,20.8947,-156.47,81.97,80,20,10.0
706,Sao Filipe,CV,2022-05-21 18:53:26,14.8961,-24.4956,72.9,79,52,13.22
707,Cidreira,BR,2022-05-21 18:53:31,-30.1811,-50.2056,64.54,59,9,4.5
708,Sitka,US,2022-05-21 18:56:51,57.0531,-135.33,62.2,49,0,3.85
709,Khatanga,RU,2022-05-21 18:56:52,71.9667,102.5,35.4,98,100,6.13
710,Okhotsk,RU,2022-05-21 18:56:52,59.3833,143.3,34.14,99,100,5.5
711,Katsuura,JP,2022-05-21 18:54:44,35.1333,140.3,60.98,94,100,15.79
712,Trairi,BR,2022-05-21 18:55:34,-3.2778,-39.2689,81.52,79,8,8.16
713,Ozerne,UA,2022-05-21 18:56:53,50.1782,28.7338,56.71,75,0,16.24
714,Hobart,AU,2022-05-21 18:54:49,-42.8794,147.3294,44.26,89,75,10.36
715,Lompoc,US,2022-05-21 18:56:54,34.6391,-120.4579,76.78,55,0,8.05
716,Tuatapere,NZ,2022-05-21 18:56:54,-46.1333,167.6833,47.66,88,98,15.55
717,Marawi,PH,2022-05-21 18:55:11,7.9986,124.2928,69.73,92,87,2.35
718,Ferme-Neuve,CA,2022-05-21 18:56:55,46.7001,-75.4493,63.7,90,100,4.27
719,Labrea,BR,2022-05-21 18:56:55,-7.2586,-64.7981,90.18,44,28,1.36
720,Atambua,ID,2022-05-21 18:56:55,-9.1061,124.8925,71.13,86,12,4.94
721,Batticaloa,LK,2022-05-21 18:56:28,7.7102,81.6924,81.9,71,96,8.75
722,Dwarka,IN,2022-05-21 18:56:56,22.2394,68.9678,82.45,84,8,23.11
723,Manadhoo,MV,2022-05-21 18:56:56,5.7667,73.3833,82.98,79,64,15.46
724,Thiruvananthapuram,IN,2022-05-21 18:55:37,8.4833,76.9167,80.58,89,40,4.61
725,Tambopata,PE,2022-05-21 18:56:57,-12.7333,-69.1833,84.09,48,20,6.91
726,Kruisfontein,ZA,2022-05-21 18:56:17,-34.0033,24.7314,54.88,85,8,5.59
727,Cayenne,GF,2022-05-21 18:56:58,4.9333,-52.3333,82.09,1,75,12.66
728,Lebu,CL,2022-05-21 18:56:58,-37.6167,-73.65,55.44,80,88,8.55
729,Hoquiam,US,2022-05-21 18:56:59,46.9809,-123.8893,63.36,80,40,6.91
730,Lerwick,GB,2022-05-21 18:56:59,60.1545,-1.1494,51.8,82,100,14.61
731,Arraial Do Cabo,BR,2022-05-21 18:57:00,-22.9661,-42.0278,73.36,64,20,9.22
732,Likasi,CD,2022-05-21 18:55:08,-10.9814,26.7333,67.6,60,96,2.86
733,Jahangirpur,IN,2022-05-21 18:57:00,28.1833,77.7167,89.42,25,55,5.32
734,New Norfolk,AU,2022-05-21 18:57:01,-42.7826,147.0587,43.92,87,18,2.53
735,Houma,US,2022-05-21 18:55:31,29.5958,-90.7195,91.0,75,40,16.11
736,Hofn,IS,2022-05-21 18:58:02,64.2539,-15.2082,48.81,85,100,9.04
737,Bengkulu,ID,2022-05-21 18:58:02,-3.8004,102.2655,76.6,89,100,3.89
738,Hermanus,ZA,2022-05-21 18:58:02,-34.4187,19.2345,58.32,75,39,6.93
739,Manzhouli,CN,2022-05-21 18:58:03,49.6,117.4333,55.0,28,59,6.53
740,Olafsvik,IS,2022-05-21 18:58:03,64.8945,-23.7142,43.74,80,91,19.73
741,Mersing,MY,2022-05-21 18:58:04,2.4312,103.8405,76.91,94,20,5.75
742,Shimoda,JP,2022-05-21 18:57:35,34.6667,138.95,60.8,87,100,10.63
743,Tasiilaq,GL,2022-05-21 18:58:04,65.6145,-37.6368,37.8,72,100,4.43
744,Labuhan,ID,2022-05-21 18:58:05,-6.8844,112.2051,78.22,87,100,7.11
745,Ahipara,NZ,2022-05-21 18:58:05,-35.1667,173.1667,59.95,78,100,12.93
746,Upernavik,GL,2022-05-21 18:58:06,72.7868,-56.1549,29.79,77,100,7.58
747,Songjianghe,CN,2022-05-21 18:58:06,42.1859,127.479,48.34,92,100,2.8
748,Fairbanks,US,2022-05-21 18:58:07,64.8378,-147.7164,65.08,36,95,1.99
749,Patti,IN,2022-05-21 18:58:07,31.2808,74.8572,84.27,18,6,3.42
750,Una,IN,2022-05-21 18:58:08,20.8167,71.0333,83.16,73,59,18.9
751,Manokwari,ID,2022-05-21 18:58:08,-0.8667,134.0833,78.3,79,84,2.57
752,Tiksi,RU,2022-05-21 18:58:08,71.6872,128.8694,22.86,99,100,2.95
753,Zhigansk,RU,2022-05-21 18:58:09,66.7697,123.3711,32.88,89,15,6.06
754,Iqaluit,CA,2022-05-21 18:58:10,63.7506,-68.5145,31.73,93,100,36.82
755,Sabha,LY,2022-05-21 18:58:10,27.0377,14.4283,73.87,11,0,10.63
756,Caravelas,BR,2022-05-21 18:58:10,-17.7125,-39.2481,75.29,63,2,8.57
757,Grindavik,IS,2022-05-21 18:58:11,63.8424,-22.4338,57.15,71,0,21.85
758,Lloret De Mar,ES,2022-05-21 18:58:11,41.6999,2.8457,78.62,48,82,8.01
759,Baruun-Urt,MN,2022-05-21 18:57:40,46.6806,113.2792,59.9,25,52,6.29
760,Mahebourg,MU,2022-05-21 18:58:12,-20.4081,57.7,75.49,73,40,11.5
761,Hit,IQ,2022-05-21 18:58:12,33.6416,42.8251,81.73,6,82,9.19
762,Timberlake,US,2022-05-21 18:58:13,37.3207,-79.2575,92.95,51,62,3.18
763,Acapulco,MX,2022-05-21 18:58:13,16.8634,-99.8901,86.07,52,4,9.42
764,Tura,IN,2022-05-21 18:58:14,25.5198,90.2201,71.87,98,55,2.42
765,Petropavlovsk-Kamchatskiy,RU,2022-05-21 18:58:14,53.0452,158.6483,37.99,100,100,2.24
766,Chifeng,CN,2022-05-21 18:58:15,42.2683,118.9636,63.43,23,0,4.0
767,Peleduy,RU,2022-05-21 18:58:15,59.6289,112.7406,46.35,84,100,2.57
768,Barra Dos Coqueiros,BR,2022-05-21 18:55:49,-10.9089,-37.0386,80.62,74,75,10.36
769,Bemidji,US,2022-05-21 18:57:51,47.4736,-94.8803,47.05,60,100,6.91
770,Shahr-E Kord,IR,2022-05-21 18:58:16,32.3256,50.8644,55.17,15,0,9.22
771,East London,ZA,2022-05-21 18:58:17,-33.0153,27.9116,59.94,88,0,6.91
772,Quatre Cocos,MU,2022-05-21 18:58:17,-20.2078,57.7625,75.31,68,4,14.32
773,San Patricio,US,2022-05-21 18:58:18,28.017,-97.5169,98.17,48,0,19.71
774,Talnakh,RU,2022-05-21 18:58:18,69.4865,88.3972,42.21,100,100,1.5
775,Noumea,NC,2022-05-21 18:58:19,-22.2763,166.4572,77.0,99,97,13.56
776,Los Llanos De Aridane,ES,2022-05-21 18:58:19,28.6585,-17.9182,67.75,85,40,16.11
777,Sao Joao Da Barra,BR,2022-05-21 18:58:20,-21.6403,-41.0511,78.89,65,7,12.82
778,Churapcha,RU,2022-05-21 18:58:20,62.0025,132.4325,37.18,88,24,5.3
779,Irbil,IQ,2022-05-21 18:58:20,36.1926,44.0106,73.22,23,98,3.44
780,Tuktoyaktuk,CA,2022-05-21 18:59:21,69.4541,-133.0374,28.4,69,100,8.05
781,Mozhaysk,RU,2022-05-21 18:59:21,55.5019,36.0272,45.27,76,100,5.5
782,Bowen,AU,2022-05-21 18:59:22,-20.0167,148.2333,69.75,79,100,8.68
783,The Valley,AI,2022-05-21 18:59:22,18.217,-63.0578,86.14,66,20,12.66
784,Vestmannaeyjar,IS,2022-05-21 18:59:23,63.4427,-20.2734,50.27,82,100,7.54
785,Oriximina,BR,2022-05-21 18:59:23,-1.7656,-55.8661,81.7,70,69,3.91
786,Hervey Bay,AU,2022-05-21 18:59:24,-25.2986,152.8535,69.1,82,99,19.04
787,Cabinda,AO,2022-05-21 18:59:24,-5.55,12.2,75.94,79,10,6.44
788,Adrar,MR,2022-05-21 18:59:24,20.5022,-10.0711,93.99,8,2,2.28
789,Atar,MR,2022-05-21 18:59:25,20.5169,-13.0499,101.03,10,0,12.93
790,Baglan,AF,2022-05-21 18:59:25,36.1307,68.7083,74.39,37,18,3.65
791,Panaba,MX,2022-05-21 18:59:26,21.2833,-88.2667,94.73,46,47,23.33
792,Rocha,UY,2022-05-21 18:59:26,-34.4833,-54.3333,62.73,61,100,7.11
793,Garowe,SO,2022-05-21 18:59:27,8.4054,48.4845,86.38,47,66,25.77
794,Gueret,FR,2022-05-21 18:59:27,46.1667,1.8667,69.94,78,28,4.25
795,Verkhnevilyuysk,RU,2022-05-21 18:59:27,63.4453,120.3167,42.64,93,77,2.06
796,Kargasok,RU,2022-05-21 18:59:28,59.0556,80.8572,46.71,84,100,6.55
797,Inirida,CO,2022-05-21 18:59:28,3.8653,-67.9239,81.5,78,85,2.71
798,Mackay,AU,2022-05-21 18:56:22,-21.15,149.2,67.86,86,95,14.63
799,Saint-Jean-De-Maurienne,FR,2022-05-21 18:59:29,45.1667,6.5833,54.03,62,96,5.06
800,Portland,US,2022-05-21 18:57:50,45.5234,-122.6762,67.51,58,0,5.99
801,Lata,PT,2022-05-21 18:59:30,40.1629,-8.3327,64.81,84,24,2.93
802,Mokhsogollokh,RU,2022-05-21 18:59:30,61.4681,128.9203,36.97,92,9,1.54
803,Touros,BR,2022-05-21 18:56:18,-5.1989,-35.4608,82.67,71,33,13.47
804,Nisia Floresta,BR,2022-05-21 18:59:31,-6.0911,-35.2086,88.18,74,14,9.95
805,Eureka,US,2022-05-21 18:59:31,40.8021,-124.1637,62.2,71,100,5.01
806,Luderitz,NA,2022-05-21 18:55:59,-26.6481,15.1594,56.8,64,9,18.45
807,Contamana,PE,2022-05-21 18:59:32,-7.3333,-75.0167,90.73,41,17,4.12
808,Luba,GQ,2022-05-21 18:59:32,3.4568,8.5547,78.87,88,100,6.98
809,Klaksvik,FO,2022-05-21 18:59:33,62.2266,-6.589,49.12,87,99,14.72
810,Zhangzhou,CN,2022-05-21 18:59:33,24.5133,117.6556,69.73,94,100,2.66
811,Cherskiy,RU,2022-05-21 18:56:11,68.75,161.3,51.31,54,43,11.48
812,Sobolevo,RU,2022-05-21 18:59:34,54.4299,31.8996,45.57,98,100,10.0
813,Narsaq,GL,2022-05-21 18:59:34,60.9167,-46.05,45.73,58,9,4.5
814,Saint-Augustin,CA,2022-05-21 18:59:35,51.226,-58.6502,46.13,84,100,17.69
815,Ouallam,NE,2022-05-21 18:59:35,14.3188,2.0866,93.79,26,36,7.05
816,Mitzic,GA,2022-05-21 18:59:35,0.7821,11.549,69.49,97,100,1.12
817,Orel-Izumrud,RU,2022-05-21 18:59:36,43.4583,39.9244,53.62,87,6,7.0
818,Yatou,CN,2022-05-21 18:59:36,37.15,122.3833,60.85,83,0,9.06
819,Port Hardy,CA,2022-05-21 18:56:22,50.6996,-127.4199,48.38,81,40,5.75
820,Pocatello,US,2022-05-21 18:59:37,42.8713,-112.4455,59.18,25,8,5.99
821,Dakar,SN,2022-05-21 18:59:38,14.6937,-17.4441,77.88,78,75,11.5
822,Porto Novo,BJ,2022-05-21 18:55:03,6.4965,2.6036,76.82,80,100,5.01
823,Pecos,US,2022-05-21 18:59:38,31.4229,-103.4932,73.49,23,0,8.05
824,Camacha,PT,2022-05-21 18:59:39,33.0833,-16.3333,65.62,68,20,16.11
825,Hohhot,CN,2022-05-21 19:00:39,40.8106,111.6522,64.94,39,95,5.03
826,Ketchikan,US,2022-05-21 18:58:43,55.3422,-131.6461,62.4,45,0,2.62
827,Praia Da Vitoria,PT,2022-05-21 19:00:40,38.7333,-27.0667,65.75,97,86,1.97
828,Ngunguru,NZ,2022-05-21 19:00:41,-35.6167,174.5,57.18,84,98,10.04
829,Aksarka,RU,2022-05-21 18:59:57,66.5606,67.7975,32.31,74,100,15.48
830,Salinopolis,BR,2022-05-21 18:57:08,-0.6136,-47.3561,80.76,79,87,4.32
831,Turukhansk,RU,2022-05-21 19:00:41,65.8167,87.9833,51.44,82,100,1.14
832,Spoleto,IT,2022-05-21 19:00:42,42.7448,12.7374,75.76,73,0,1.36
833,Fortuna,US,2022-05-21 19:00:42,40.5982,-124.1573,61.93,72,40,11.5
834,Shestakovo,RU,2022-05-21 19:00:43,56.4915,103.96,47.66,96,100,4.59
835,Namibe,AO,2022-05-21 18:59:30,-15.1961,12.1522,68.47,71,2,4.68
836,Zapolyarnyy,RU,2022-05-21 19:00:43,69.4154,30.8136,43.88,84,100,15.59
837,Sioux Lookout,CA,2022-05-21 19:00:44,50.1001,-91.917,43.83,55,100,9.1
838,Faanui,PF,2022-05-21 19:00:14,-16.4833,-151.75,80.33,72,17,10.47
839,Chegutu,ZW,2022-05-21 19:00:45,-18.1302,30.1407,62.73,60,9,4.43
840,La Paz,BO,2022-05-21 18:56:36,-16.5,-68.15,62.58,14,40,10.36
841,Khandyga,RU,2022-05-21 19:00:45,62.6667,135.6,39.85,88,100,3.53
842,Kirakira,SB,2022-05-21 19:00:46,-10.4544,161.9205,79.52,84,49,2.62
843,Ondjiva,AO,2022-05-21 19:00:46,-17.0667,15.7333,57.31,15,0,6.2
844,Mandera,KE,2022-05-21 19:00:47,3.9366,41.867,86.63,49,100,8.79
845,Billings,US,2022-05-21 19:00:09,45.7833,-108.5007,50.29,37,100,5.99
846,Iranshahr,IR,2022-05-21 19:00:47,27.2025,60.6848,92.23,17,0,2.48
847,Butaritari,KI,2022-05-21 19:00:48,3.0707,172.7902,80.94,80,99,10.92
848,Buraydah,SA,2022-05-21 19:00:02,26.326,43.975,90.95,12,0,14.07
849,San Manuel Chaparron,GT,2022-05-21 19:00:48,14.5167,-89.7667,84.13,49,96,8.77
850,Manggar,ID,2022-05-21 19:00:00,-2.8833,108.2667,80.89,79,100,2.57
851,Selikhino,RU,2022-05-21 19:00:49,50.3672,137.4996,41.68,97,100,8.66
852,Bubaque,GW,2022-05-21 19:00:50,11.2833,-15.8333,79.0,79,100,17.92
853,Pesqueira,BR,2022-05-21 19:00:50,-8.3578,-36.6964,74.23,81,78,11.32
854,Tsabong,BW,2022-05-21 19:00:51,-26.0217,22.401,52.11,72,72,8.99
855,Marigot,MF,2022-05-21 19:00:51,18.0667,-63.0833,84.04,70,37,12.64
856,Husavik,IS,2022-05-21 19:00:52,66.0449,-17.3389,41.68,98,100,10.69
857,Aykhal,RU,2022-05-21 19:00:52,66.0,111.5,39.52,76,67,3.44
858,Bunia,CD,2022-05-21 19:00:53,1.5667,30.25,63.52,94,100,2.71
859,Richards Bay,ZA,2022-05-21 19:00:53,-28.783,32.0377,63.07,87,100,13.15
860,Haapiti,PF,2022-05-21 19:00:54,-17.5667,-149.8667,80.33,69,0,10.09
861,Seymchan,RU,2022-05-21 19:00:54,62.8833,152.4333,40.57,78,99,5.53
862,Zhovti Vody,UA,2022-05-21 19:00:55,48.3473,33.5003,62.64,91,100,15.59
863,Barra,BR,2022-05-21 19:00:55,-11.0894,-43.1417,84.6,44,67,6.24
864,Rawson,AR,2022-05-21 18:57:24,-43.3002,-65.1023,63.59,37,100,14.54
865,Korba,IN,2022-05-21 19:00:56,22.35,82.6833,85.91,33,87,4.79
866,Odweyne,SO,2022-05-21 19:00:56,9.4092,45.064,80.06,50,32,14.58
867,Borehamwood,GB,2022-05-21 18:57:14,51.6547,-0.2776,65.17,51,0,8.05
868,Havoysund,NO,2022-05-21 19:00:57,70.9963,24.6622,44.83,78,37,2.44
869,Lavrentiya,RU,2022-05-21 19:00:58,65.5833,-171.0,37.17,87,72,9.26
870,Norwalk,US,2022-05-21 19:01:58,33.9022,-118.0817,74.07,61,75,9.22
871,Ossora,RU,2022-05-21 19:01:59,59.2353,163.0719,35.28,99,100,2.42
872,Russell,US,2022-05-21 19:00:26,32.3502,-85.1999,89.91,37,100,5.91
873,Manjacaze,MZ,2022-05-21 19:01:59,-24.7117,33.8828,66.99,93,99,5.64
874,Pevek,RU,2022-05-21 19:02:00,69.7008,170.3133,33.75,89,100,5.12
875,Kieta,PG,2022-05-21 19:02:00,-6.2167,155.6333,78.04,84,21,1.05
876,Locri,IT,2022-05-21 19:02:01,38.2414,16.2623,63.99,69,5,14.76
877,Antofagasta,CL,2022-05-21 19:02:01,-23.65,-70.4,67.03,68,30,6.44
878,Airai,TL,2022-05-21 19:02:02,-8.9266,125.4092,57.47,90,23,3.62
879,Moron,AR,2022-05-21 19:02:02,-34.6534,-58.6198,71.01,45,0,4.18
880,Ballina,AU,2022-05-21 19:02:03,-28.8667,153.5667,59.77,85,100,12.71
881,Upata,VE,2022-05-21 19:00:00,8.0086,-62.3989,87.19,35,2,8.81
882,Muzhi,RU,2022-05-21 19:02:03,65.3667,64.6667,32.2,85,100,11.43
883,Alice Springs,AU,2022-05-21 19:02:04,-23.7,133.8833,42.35,65,10,0.0
884,Seoul,KR,2022-05-21 19:00:17,37.5683,126.9778,61.99,84,100,4.76
885,Cabedelo,BR,2022-05-21 19:02:04,-6.9811,-34.8339,81.01,76,8,12.5
886,Edirne,TR,2022-05-21 19:02:05,41.6772,26.556,63.81,65,0,2.19
887,Puquio,PE,2022-05-21 19:02:05,-14.7,-74.1333,62.01,29,22,13.0
888,Ponta Delgada,PT,2022-05-21 18:59:43,37.7333,-25.6667,65.12,100,75,6.91
889,Flinders,AU,2022-05-21 19:02:06,-34.5833,150.8552,55.18,92,100,1.99
890,Verkhnyaya Inta,RU,2022-05-21 19:02:06,65.9811,60.3094,32.86,75,100,13.22
891,Keti Bandar,PK,2022-05-21 19:02:07,24.1447,67.4497,81.9,90,39,22.26
892,Ingham,US,2022-05-21 19:02:08,42.6,-84.3833,71.17,78,100,4.61
893,Senador Pompeu,BR,2022-05-21 19:00:44,-5.5881,-39.3717,85.59,54,98,6.53
894,Zavetnoye,RU,2022-05-21 19:02:08,47.1194,43.8903,54.23,97,100,7.54
895,Neryungri,RU,2022-05-21 19:02:09,56.6709,124.6491,29.43,95,77,1.12
896,Zastron,ZA,2022-05-21 19:02:09,-30.3023,27.084,43.93,80,98,7.7
897,Honiara,SB,2022-05-21 19:01:30,-9.4333,159.95,77.29,85,14,1.63
898,Tocopilla,CL,2022-05-21 19:02:10,-22.092,-70.1979,68.59,66,100,7.74
899,Amapa,BR,2022-05-21 18:58:47,1.0,-52.0,75.51,97,100,2.51
900,Hasaki,JP,2022-05-21 18:59:38,35.7333,140.8333,59.4,89,100,17.49
901,Katol,IN,2022-05-21 19:02:11,21.2667,78.5833,92.95,24,0,12.66
902,Port Blair,IN,2022-05-21 19:02:11,11.6667,92.75,83.3,83,100,19.64
903,Leningradskiy,RU,2022-05-21 19:02:11,69.3833,178.4167,32.54,97,97,9.78
904,Victoria,HK,2022-05-21 19:02:12,22.2855,114.1577,78.85,90,100,11.99
905,Najran,SA,2022-05-21 19:02:13,17.4924,44.1277,78.42,11,4,2.08
906,Constitucion,CL,2022-05-21 19:02:13,-35.3333,-72.4167,58.42,58,100,11.63
907,Ende,ID,2022-05-21 19:02:13,-8.8432,121.6623,75.67,84,5,1.92
908,Saint George,US,2022-05-21 19:00:49,37.1041,-113.5841,74.79,12,0,5.75
909,Great Falls,US,2022-05-21 18:59:55,47.5002,-111.3008,47.16,43,100,1.01
910,Port Lincoln,AU,2022-05-21 19:02:14,-34.7333,135.8667,58.68,81,0,11.41
911,Turbat,PK,2022-05-21 19:02:15,26.0023,63.044,89.4,51,0,2.19
912,Scottsboro,US,2022-05-21 19:02:15,34.6723,-86.0341,90.1,48,40,12.66
913,Padang,ID,2022-05-21 19:00:28,-0.9492,100.3543,77.7,89,97,2.91
914,Kopanskaya,RU,2022-05-21 19:02:16,46.2779,38.4795,60.48,60,100,27.45
915,Ransang,PH,2022-05-21 18:58:18,8.9603,117.5828,79.43,85,100,5.19
916,Mega,ET,2022-05-21 19:03:16,4.05,38.3,59.41,86,100,5.3
917,Shache,CN,2022-05-21 19:03:17,38.4167,77.2406,68.16,37,100,13.42
918,Utica,US,2022-05-21 19:03:17,43.1009,-75.2327,91.51,53,100,3.0
919,Emerald,AU,2022-05-21 19:03:18,-23.5333,148.1667,62.74,94,100,10.36
920,Henties Bay,NA,2022-05-21 19:00:57,-22.116,14.2845,57.33,75,1,12.5
921,Vila,PT,2022-05-21 19:03:19,42.0304,-8.1588,65.28,89,98,7.56
922,Sladkovicovo,SK,2022-05-21 19:03:19,48.2014,17.6385,68.11,57,87,9.42
923,Bilibino,RU,2022-05-21 19:02:08,68.0546,166.4372,39.76,82,100,2.1
924,Mikhaylovka,RU,2022-05-21 19:03:20,50.06,43.2379,51.71,83,100,8.86
925,Peniche,PT,2022-05-21 19:03:20,39.3558,-9.3811,72.09,82,3,21.14
926,Carlagan,PH,2022-05-21 19:03:21,14.975,122.0456,79.99,81,100,5.75
927,Fayaoue,NC,2022-05-21 19:03:21,-20.65,166.5333,77.4,83,95,24.27
928,Magaria,NE,2022-05-21 19:03:22,12.9983,8.9099,92.64,12,100,9.31
929,Concordia,AR,2022-05-21 19:03:22,-31.393,-58.0209,69.87,64,75,4.61
930,Sicuani,PE,2022-05-21 19:03:22,-14.2694,-71.2261,61.05,32,95,7.0
931,Andenes,NO,2022-05-21 19:03:23,69.3143,16.1194,46.38,87,100,5.75
932,Tobermory,CA,2022-05-21 19:03:23,45.2501,-81.6665,42.24,97,100,10.11
933,Buala,SB,2022-05-21 19:03:24,-8.145,159.5921,79.41,81,83,5.35
934,Korla,CN,2022-05-21 19:03:24,41.7597,86.1469,78.4,10,100,16.11
935,Constantine,DZ,2022-05-21 19:03:25,36.365,6.6147,78.21,18,0,6.91
936,Nouadhibou,MR,2022-05-21 19:03:25,20.931,-17.0347,66.45,86,1,25.08
937,Havelock,US,2022-05-21 19:00:05,34.8791,-76.9013,90.01,80,98,5.01
938,Miracema Do Tocantins,BR,2022-05-21 19:03:26,-9.5618,-48.3967,87.78,38,5,3.2
939,Srednekolymsk,RU,2022-05-21 19:00:47,67.45,153.6833,52.68,48,100,4.59
940,Alekseyevsk,RU,2022-05-21 19:03:26,57.8406,108.3492,50.14,87,80,6.44
941,Abha,SA,2022-05-21 19:03:27,18.2164,42.5053,70.05,37,0,0.0
942,Sept-Iles,CA,2022-05-21 19:03:27,50.2001,-66.3821,47.05,90,100,1.99
943,Maumere,ID,2022-05-21 19:03:27,-8.6199,122.2111,78.48,79,7,2.08
944,Del Rio,US,2022-05-21 19:03:28,29.3627,-100.8968,96.91,38,0,6.91
945,Wilmington,US,2022-05-21 19:01:30,34.2257,-77.9447,88.0,66,0,10.36
946,Nantucket,US,2022-05-21 19:03:17,41.2835,-70.0995,75.34,82,0,8.05
947,Orange,US,2022-05-21 19:01:24,33.7,-117.7675,75.04,76,100,6.91
948,Ilulissat,GL,2022-05-21 19:03:29,69.2167,-51.1,33.82,86,75,6.91
949,College,US,2022-05-21 19:03:30,64.8569,-147.8028,66.47,36,40,4.61
950,Laramie,US,2022-05-21 19:00:51,41.3114,-105.5911,38.77,59,6,2.39
951,Qaqortoq,GL,2022-05-21 18:59:57,60.7167,-46.0333,42.71,67,10,6.17
952,Beloha,MG,2022-05-21 19:03:30,-25.1667,45.05,69.31,52,0,7.2
953,Guasdualito,VE,2022-05-21 19:03:31,7.2424,-70.7324,90.95,45,25,6.8
954,Iracoubo,GF,2022-05-21 19:03:31,5.4802,-53.2011,77.85,88,100,11.92
955,Chabahar,IR,2022-05-21 19:03:32,25.2919,60.643,84.7,78,0,3.06
956,Georgetown,MY,2022-05-21 19:03:32,5.4112,100.3354,82.33,83,20,0.0
957,Helsinki,FI,2022-05-21 19:03:32,60.1695,24.9355,52.03,45,0,11.01
958,Cockburn Town,TC,2022-05-21 19:00:55,21.4612,-71.1419,80.06,81,34,17.85
959,Bintulu,MY,2022-05-21 19:03:33,3.1667,113.0333,76.53,92,99,5.75
960,San Juan,AR,2022-05-21 18:59:42,-31.5375,-68.5364,66.99,22,0,1.99
961,Juneau,US,2022-05-21 19:03:14,58.3019,-134.4197,63.84,69,0,6.91
962,Esperance,AU,2022-05-21 19:03:34,-33.8667,121.9,57.04,69,54,12.12
963,Ugoofaaru,MV,2022-05-21 19:03:34,5.6667,73.0,82.99,79,49,14.7
964,San Angelo,US,2022-05-21 19:04:35,31.4638,-100.437,88.02,36,0,18.41
965,Clyde River,CA,2022-05-21 19:04:35,70.4692,-68.5914,26.89,82,100,2.15
966,Sol-Iletsk,RU,2022-05-21 19:04:36,51.1631,54.9918,42.6,92,100,19.91
967,Andrews,US,2022-05-21 19:00:38,32.3187,-102.5457,78.28,24,40,11.5
968,Ponta Do Sol,PT,2022-05-21 19:04:36,32.6667,-17.1,70.72,80,25,1.52
969,Granadilla De Abona,ES,2022-05-21 19:04:37,28.1188,-16.576,69.04,66,20,21.85
970,Molina,CL,2022-05-21 19:00:01,-35.1167,-71.2833,60.37,100,100,7.14
971,Astana,KZ,2022-05-21 19:00:17,51.1801,71.446,67.95,56,20,2.24
972,Bermejo,AR,2022-05-21 19:04:37,-32.8833,-68.8,65.62,22,0,7.2
973,Faya,SA,2022-05-21 19:04:38,18.3851,42.4509,70.32,16,4,6.11
974,Houston,US,2022-05-21 19:00:24,29.7633,-95.3633,96.42,63,75,14.97
975,Baykit,RU,2022-05-21 19:00:52,61.67,96.37,45.14,89,100,8.66
976,Tukrah,LY,2022-05-21 19:04:39,32.5341,20.5791,65.07,88,0,6.96
977,Hami,CN,2022-05-21 19:04:39,42.8,93.45,77.43,23,0,18.21
978,Waslala,NI,2022-05-21 19:04:40,13.2333,-85.3833,80.04,76,100,2.26
979,Sattahip,TH,2022-05-21 19:04:40,12.6664,100.9007,80.98,74,20,3.44
980,Oussouye,SN,2022-05-21 19:04:41,12.485,-16.5469,78.93,63,100,12.64
981,Fare,PF,2022-05-21 19:04:41,-16.7,-151.0167,80.24,71,4,9.53
982,Alta Floresta,BR,2022-05-21 19:03:02,-9.8756,-56.0861,82.62,46,0,2.64
983,Byron Bay,AU,2022-05-21 19:04:42,-28.65,153.6167,59.7,85,100,11.45
984,Awbari,LY,2022-05-21 19:04:42,26.5921,12.7805,77.67,11,0,13.4
985,Oakdale,US,2022-05-21 19:04:43,44.963,-92.9649,56.55,47,40,9.22
986,Robertsport,LR,2022-05-21 19:04:43,6.7533,-11.3686,78.71,85,99,12.88
987,Manaure,CO,2022-05-21 19:04:43,11.7751,-72.4445,91.71,45,6,21.18
988,Tevriz,RU,2022-05-21 19:04:44,57.509,72.4042,57.15,85,100,10.56
989,Diego De Almagro,CL,2022-05-21 19:04:44,-26.3667,-70.05,76.01,16,0,9.84
990,Avera,US,2022-05-21 19:04:45,33.194,-82.5271,87.85,34,100,7.2
991,Luang Prabang,LA,2022-05-21 19:03:07,19.8856,102.1347,74.7,99,100,1.19
992,Bara,NG,2022-05-21 19:04:45,10.3744,10.7288,91.54,35,4,7.23
993,High Prairie,CA,2022-05-21 19:00:43,55.4334,-116.4858,54.46,34,89,3.13
994,Ola,RU,2022-05-21 19:04:46,59.5833,151.2833,34.84,90,99,3.89
995,Mayor Pablo Lagerenza,PY,2022-05-21 19:04:46,-19.9309,-60.7718,88.03,23,8,7.87
996,Naze,JP,2022-05-21 19:04:47,28.3667,129.4833,67.39,85,30,9.26
997,Roebourne,AU,2022-05-21 19:04:47,-20.7833,117.1333,76.64,76,88,5.46
998,Aquiraz,BR,2022-05-21 19:04:48,-3.9014,-38.3911,87.46,75,21,7.02
999,Camopi,GF,2022-05-21 19:04:48,3.1655,-52.3158,79.65,93,76,1.97
1000,Vao,NC,2022-05-21 19:04:49,-22.6667,167.4833,74.03,87,88,25.66
1001,Marzuq,YE,2022-05-21 19:02:30,14.4,46.4667,79.38,26,39,3.49
1002,Sweetwater,US,2022-05-21 19:04:49,25.7634,-80.3731,90.01,74,100,16.11
1003,Duyun,CN,2022-05-21 19:04:50,26.2667,107.5167,62.22,99,100,2.53
1004,Alofi,NU,2022-05-21 19:04:50,-19.0595,-169.9187,78.17,77,26,7.25
1005,Ravar,IR,2022-05-21 19:04:51,31.2656,56.8055,79.52,20,0,11.65
1006,Norman Wells,CA,2022-05-21 19:04:51,65.282,-126.8329,42.84,87,100,19.57
1007,Warrnambool,AU,2022-05-21 19:04:51,-38.3833,142.4833,38.8,88,5,5.5
1008,Leh,IN,2022-05-21 19:01:22,34.1667,77.5833,46.02,48,9,6.22
1009,Clinton,US,2022-05-21 19:01:07,42.587,-82.9199,73.22,74,100,1.01
1010,Narsipatnam,IN,2022-05-21 19:04:52,17.6667,82.6167,84.09,54,100,2.53
1011,Samarkand,UZ,2022-05-21 19:04:53,39.6542,66.9597,63.82,55,75,16.11
1012,Isangel,VU,2022-05-21 19:05:53,-19.55,169.2667,78.19,88,100,16.58
1013,Aguimes,ES,2022-05-21 19:05:54,27.9054,-15.4461,70.43,60,20,25.32
1014,Ayan,RU,2022-05-21 19:05:54,56.45,138.1667,32.2,99,100,9.13
1015,Severo-Kurilsk,RU,2022-05-21 19:05:54,50.6789,156.125,41.56,96,96,0.63
1016,Yumen,CN,2022-05-21 19:05:55,40.2833,97.2,64.58,31,0,11.23
1017,Front Royal,US,2022-05-21 19:02:25,38.9182,-78.1944,94.03,47,40,3.44
1018,Eyl,SO,2022-05-21 19:05:56,7.9803,49.8164,83.41,70,82,21.43
1019,Burnie,AU,2022-05-21 19:05:56,-41.0667,145.9167,47.95,86,8,4.21
1020,Graaff-Reinet,ZA,2022-05-21 19:05:56,-32.2522,24.5308,50.92,92,45,3.51
1021,Maldonado,UY,2022-05-21 19:03:58,-34.6667,-54.9167,65.59,60,40,8.9
1022,Mount Isa,AU,2022-05-21 19:05:57,-20.7333,139.5,64.17,68,40,5.75
1023,Gilgit,PK,2022-05-21 19:05:57,35.9221,74.3087,68.67,52,98,5.86
1024,Dryden,CA,2022-05-21 19:05:58,49.7833,-92.7503,37.69,87,100,2.3
1025,Brae,GB,2022-05-21 19:02:13,60.3964,-1.353,51.3,80,82,13.53
1026,Uige,AO,2022-05-21 19:01:38,-7.6087,15.0613,68.77,90,66,2.1
1027,Basugaon,IN,2022-05-21 19:05:59,26.4667,90.4,71.2,95,100,2.21
1028,Stadtallendorf,DE,2022-05-21 19:05:59,50.8333,9.0167,61.56,74,88,3.27
1029,Khasan,RU,2022-05-21 19:05:59,42.4308,130.6434,53.42,81,96,5.68
1030,Killybegs,IE,2022-05-21 19:06:00,54.6333,-8.45,58.71,78,89,12.48
1031,Torbat-E Jam,IR,2022-05-21 19:06:00,35.244,60.6225,56.43,58,88,25.14
1032,Pontianak,ID,2022-05-21 19:06:01,-0.0333,109.3333,78.78,94,100,2.3
1033,Merauke,ID,2022-05-21 19:06:01,-8.4667,140.3333,77.18,87,86,10.54
1034,Quartucciu,IT,2022-05-21 19:06:02,39.2519,9.1794,72.03,72,0,5.75
1035,Formosa Do Rio Preto,BR,2022-05-21 19:06:02,-11.0483,-45.1931,87.17,35,90,3.15
1036,Warri,NG,2022-05-21 19:06:03,5.5167,5.75,75.51,93,100,2.64
1037,High Level,CA,2022-05-21 19:06:03,58.5169,-117.136,60.85,18,23,6.2
1038,Ambon,ID,2022-05-21 19:06:03,-3.6954,128.1814,77.14,94,20,0.0
1039,Paamiut,GL,2022-05-21 19:06:04,61.994,-49.6678,35.83,84,10,13.58
1040,Aksha,RU,2022-05-21 19:06:04,50.2814,113.2867,58.01,56,100,12.35
1041,Port-Cartier,CA,2022-05-21 19:06:05,50.0334,-66.8654,46.74,95,100,5.66
1042,Kavaratti,IN,2022-05-21 19:06:05,10.5669,72.642,83.37,78,99,16.84
1043,Ixtapa,MX,2022-05-21 19:06:06,20.7,-105.2,81.63,65,0,12.66
1044,Bailen,ES,2022-05-21 19:06:06,38.0964,-3.7779,84.83,26,20,4.7
1045,Baoding,CN,2022-05-21 19:06:07,38.8511,115.4903,68.58,32,1,6.46
1046,Takoradi,GH,2022-05-21 19:06:07,4.8845,-1.7554,77.72,87,100,11.68
1047,Hualmay,PE,2022-05-21 19:06:08,-11.0964,-77.6139,69.28,74,21,9.22
1048,Margate,GB,2022-05-21 19:01:25,51.3813,1.3862,61.88,67,100,3.0
1049,Nome,US,2022-05-21 19:06:08,64.5011,-165.4064,57.16,50,0,18.41
1050,Krasnyy Chikoy,RU,2022-05-21 19:06:09,50.3643,108.7512,50.7,92,51,4.9
1051,Milkovo,RU,2022-05-21 19:06:09,54.7167,158.6167,40.06,94,100,1.28
1052,Sinop,TR,2022-05-21 19:06:10,41.7711,34.8709,59.07,61,0,7.36
1053,Sola,VU,2022-05-21 19:01:19,-13.8833,167.55,80.85,76,34,6.26
1054,Pokhara,NP,2022-05-21 19:06:10,28.2333,83.9833,66.56,81,38,3.4
1055,Erenhot,CN,2022-05-21 19:04:58,43.6475,111.9767,67.75,36,9,11.99
1056,Balakhta,RU,2022-05-21 19:06:11,55.38,91.6,54.27,51,74,1.72
1057,Alaca,TR,2022-05-21 19:06:11,40.1683,34.8425,55.99,60,0,1.68
1058,Puerto Del Rosario,ES,2022-05-21 19:07:12,28.5004,-13.8627,71.35,78,20,18.41
1059,Dukat,RU,2022-05-21 19:07:12,62.55,155.55,27.36,97,100,5.41
1060,Meulaboh,ID,2022-05-21 19:07:13,4.1363,96.1285,77.88,88,100,2.44
1061,Nishihara,JP,2022-05-21 19:07:13,26.1842,127.7558,70.88,84,40,13.8
1062,Manono,CD,2022-05-21 19:07:14,-7.3,27.4167,76.37,53,100,2.8
1063,Tommot,RU,2022-05-21 19:07:14,58.9564,126.2925,35.19,91,10,2.33
1064,Bay Saint Louis,US,2022-05-21 19:07:14,30.3088,-89.33,86.09,82,75,9.22
1065,Mercedes,AR,2022-05-21 19:07:15,-34.6515,-59.4307,74.86,29,0,4.68
1066,Abu Kamal,SY,2022-05-21 19:07:15,34.4506,40.9171,80.42,8,71,6.33
1067,Savannah Bight,HN,2022-05-21 19:07:16,16.45,-85.85,82.11,85,97,30.51
1068,Yangjiang,CN,2022-05-21 19:07:08,21.85,111.9667,75.24,89,99,5.66
1069,Mareeba,AU,2022-05-21 19:07:17,-17.0,145.4333,70.52,90,7,2.55
1070,Dalvik,IS,2022-05-21 19:07:17,65.9702,-18.5286,42.49,96,100,8.32
1071,Sharan,RU,2022-05-21 19:07:18,54.8167,54.0,36.03,94,22,9.22
1072,Beatrice,US,2022-05-21 19:07:19,40.2681,-96.747,52.88,50,100,11.5
1073,Haines Junction,CA,2022-05-21 19:07:19,60.7522,-137.5108,55.49,45,9,3.8
1074,Beyneu,KZ,2022-05-21 19:07:19,45.3167,55.2,56.3,39,61,12.35
1075,Half Moon Bay,US,2022-05-21 19:07:20,37.4636,-122.4286,83.53,56,0,11.5
1076,Sakakah,SA,2022-05-21 19:07:20,29.9697,40.2064,84.36,14,0,19.24
1077,Goderich,CA,2022-05-21 19:07:21,43.7501,-81.7165,52.92,91,100,2.55
1078,Nichinan,JP,2022-05-21 19:07:21,31.6,131.3667,60.03,89,100,3.74
1079,Grand Gaube,MU,2022-05-21 19:07:22,-20.0064,57.6608,73.38,76,0,1.99
1080,Whitehorse,CA,2022-05-21 19:04:41,60.7161,-135.0538,60.1,37,14,8.01
1081,Falkenberg,SE,2022-05-21 19:07:22,56.9055,12.4912,53.94,78,72,7.58
1082,Bereda,ES,2022-05-21 19:07:23,43.2686,-7.5406,74.57,55,100,1.99
1083,Bluefield,US,2022-05-21 19:07:23,37.2698,-81.2223,84.15,48,20,8.05
1084,Sosua,DO,2022-05-21 19:07:24,19.7667,-70.5167,93.18,70,20,17.27
1085,Rincon,US,2022-05-21 19:07:24,32.296,-81.2354,87.76,63,75,20.71
1086,Nizhneudinsk,RU,2022-05-21 19:07:25,54.9076,99.0276,57.45,66,100,3.0
1087,Zhanakorgan,KZ,2022-05-21 19:07:25,43.9098,67.2495,60.04,64,100,20.83
1088,Saldanha,ZA,2022-05-21 19:07:25,-33.0117,17.9442,58.8,77,47,10.47
1089,Waddan,LY,2022-05-21 19:07:26,29.1614,16.139,73.35,18,0,8.41
1090,Huarmey,PE,2022-05-21 19:07:26,-10.0681,-78.1522,70.72,74,49,9.6
1091,Carora,VE,2022-05-21 19:07:27,10.1755,-70.0827,96.22,23,2,19.91
1092,Katy,US,2022-05-21 19:07:09,29.7858,-95.8244,97.72,55,40,10.36
1093,Olinda,BR,2022-05-21 19:07:27,-8.0089,-34.8553,82.13,74,20,14.97
1094,Beian,NO,2022-05-21 19:07:28,63.6559,9.5683,52.0,93,75,5.75
1095,Sechura,PE,2022-05-21 19:07:28,-5.5569,-80.8222,78.58,58,14,11.52
1096,Nemuro,JP,2022-05-21 19:07:29,43.3236,145.575,48.85,99,100,11.39
1097,Abu Samrah,SY,2022-05-21 19:07:29,35.3029,37.1841,76.78,14,99,9.33
1098,Valday,RU,2022-05-21 19:07:29,57.9747,33.2525,42.93,60,6,8.68
1099,Mount Gambier,AU,2022-05-21 19:07:30,-37.8333,140.7667,44.62,93,6,4.97
1100,Kudahuvadhoo,MV,2022-05-21 19:07:30,2.6708,72.8944,83.21,76,52,9.26
1101,Tessalit,ML,2022-05-21 19:04:20,20.1986,1.0114,95.81,12,9,11.41
1102,Morondava,MG,2022-05-21 19:07:31,-20.2833,44.2833,76.53,74,0,9.28
1103,Moose Jaw,CA,2022-05-21 19:08:31,50.4001,-105.5344,50.56,36,100,9.42
1104,Kotdwara,IN,2022-05-21 19:08:32,29.75,78.5333,82.17,27,95,5.79
1105,Zyryanka,RU,2022-05-21 19:08:32,65.75,150.85,47.03,78,100,10.49
1106,Renala Khurd,PK,2022-05-21 19:08:33,30.8833,73.6,90.27,15,0,6.8
1107,Valkla,EE,2022-05-21 19:08:33,59.4744,25.3186,48.25,57,96,17.74
1108,Ferkessedougou,CI,2022-05-21 19:08:34,9.6,-5.2,84.0,58,36,8.08
1109,Marfino,RU,2022-05-21 19:08:34,55.7028,37.3822,53.85,42,0,4.47
1110,Maymyo,MM,2022-05-21 19:08:34,22.0333,96.4667,67.95,82,98,0.92
1111,Goure,NE,2022-05-21 19:08:35,13.9835,10.2704,96.03,12,77,10.07
1112,Fallon,US,2022-05-21 19:08:35,39.4735,-118.7774,64.92,14,20,3.44
1113,Axim,GH,2022-05-21 19:08:36,4.8699,-2.2405,77.0,89,100,12.62
1114,Muros,ES,2022-05-21 19:08:36,42.7762,-9.0603,70.84,79,100,6.87
1115,Davila,PH,2022-05-21 19:08:37,18.4726,120.5763,79.57,79,73,3.53
1116,Abu Dhabi,AE,2022-05-21 19:06:49,24.4667,54.3667,93.22,47,0,5.75
1117,Deep River,CA,2022-05-21 19:08:37,46.1001,-77.4995,61.41,90,100,5.28
1118,Lixourion,GR,2022-05-21 19:08:38,38.2019,20.4314,68.0,64,0,9.22
1119,Zabaykalsk,RU,2022-05-21 19:08:38,49.6333,117.3167,54.93,28,47,7.18
1120,Araguaina,BR,2022-05-21 19:08:39,-7.1911,-48.2072,87.12,42,19,3.56
1121,Andilamena,MG,2022-05-21 19:08:39,-17.0167,48.5833,58.1,95,32,4.59
1122,Saquarema,BR,2022-05-21 19:08:39,-22.92,-42.5103,71.64,73,6,6.87
1123,Seguela,CI,2022-05-21 19:08:40,7.9611,-6.6731,80.89,66,72,5.3
1124,Ati,TD,2022-05-21 19:08:40,13.2154,18.3353,94.71,9,12,8.88
1125,Altay,CN,2022-05-21 19:05:08,47.8667,88.1167,68.67,23,100,9.31
1126,Heide,DE,2022-05-21 19:08:41,54.2,9.1,57.11,84,100,12.57
1127,Krasnoselkup,RU,2022-05-21 19:08:41,65.7,82.4667,46.15,69,95,9.89
1128,Harlingen,US,2022-05-21 19:06:51,26.1906,-97.6961,96.71,34,0,20.96
1129,West Bay,KY,2022-05-21 19:08:42,19.3667,-81.4167,86.07,77,100,8.01
1130,Santa Cruz,BO,2022-05-21 19:06:24,-17.8,-63.1667,80.06,44,20,19.57
1131,Okakarara,NA,2022-05-21 19:08:43,-20.5833,17.4333,45.82,27,0,5.5
1132,Jizan,SA,2022-05-21 19:08:43,17.3333,42.6667,85.95,58,8,2.1
1133,Maniitsoq,GL,2022-05-21 19:08:44,65.4167,-52.9,37.2,76,87,14.61
1134,Puerto Cabezas,NI,2022-05-21 19:08:44,14.0351,-83.3888,84.18,70,91,10.33
1135,Marystown,CA,2022-05-21 19:08:44,47.1666,-55.1483,54.64,57,5,6.4
1136,Quchan,IR,2022-05-21 19:08:45,37.106,58.5095,47.97,72,100,10.09
1137,Pavino,RU,2022-05-21 19:08:45,59.1139,46.1414,31.8,88,100,7.47
1138,Scarborough,GB,2022-05-21 19:07:08,54.2797,-0.4044,59.79,69,79,1.01
1139,Denpasar,ID,2022-05-21 19:08:46,-8.65,115.2167,78.46,88,20,4.61
1140,Palmer,US,2022-05-21 19:08:47,42.1584,-72.3287,90.91,56,20,8.05
1141,Kobelyaky,UA,2022-05-21 19:08:47,49.1489,34.1965,62.46,90,59,17.07
1142,Agas,RO,2022-05-21 19:08:47,46.4833,26.2167,59.83,81,8,6.11
1143,Hambantota,LK,2022-05-21 19:08:48,6.1241,81.1185,79.14,100,20,8.05
1144,La Ronge,CA,2022-05-21 19:08:49,55.1001,-105.2842,52.34,29,66,4.43
1145,Andros Town,BS,2022-05-21 19:08:49,24.7,-77.7667,84.16,75,92,16.58
1146,Christchurch,NZ,2022-05-21 19:03:58,-43.5333,172.6333,38.95,89,20,1.14
1147,Mkushi,ZM,2022-05-21 19:09:50,-13.6202,29.3939,63.36,70,41,2.91
1148,Pochutla,MX,2022-05-21 19:09:50,15.7432,-96.4661,93.81,36,86,11.72
1149,Limbuhan,PH,2022-05-21 19:09:51,11.8838,124.0501,82.11,78,74,6.87
